text,options,type,answer,score,explanation,註解
下列胞器，何者是由兩層膜組成？,A.粒線體 B.溶酶體 C.過氧化體 D.核糖體,單選,A. 粒線體,2,【解答】A 【出處】細胞 【解析】粒線體與細胞核皆為兩層膜之胞器。,113基礎醫學
單一肌節（sarcomere）的範圍，下列定義何者最正確？,A.相鄰粗肌絲的長度總和 B.相鄰細肌絲的長度總和 C.相鄰粗肌絲加上細肌絲的長度總和 D.相鄰Z線間的距離,單選,D. 相鄰Z線間的距離,2,【解答】D 【出處】肌肉 【解析】肌節為兩Z線間的距離。,113基礎醫學
下列何者為控制反射動作的反射弧（reflex arc）之最終端構造？,A.感覺神經元（sensory neuron） B.運動神經元（motor neuron） C.受器（receptor） D.動器（effector）,單選,D. 動器（effector）,2,【解答】D 【出處】神經系統 【解析】反射動作最後由動作器(effector）， 如肌肉、腺體，來完成反射動作。,113基礎醫學
帕金森氏症（Parkinson's disease）的顫抖症狀肇因為何？,A.腦內缺乏多巴胺（dopamine deficiency） B.腦內多巴胺過高（dopamine excess） C.腦內缺乏血清素（serotonin deficiency） D.腦內血清素過高（serotonin excess）,單選,A. 腦內缺乏多巴胺（dopamine deficiency）,2,【解答】A 【出處】神經系統 【解析】中腦黑質分泌的 dopamine 太少時，可導 致巴金森氏症。,113基礎醫學
下列何者最可能促進生長激素（growth hormone）分泌？,A.高血糖（hyperglycemia） B.高強度運動（high intensity exercise） C.體抑素（somatostatin）分泌增加 D.類胰島素生長因子1（IGF-1）分泌增加,單選,B. 高強度運動（high intensity exercise）,2,【解答】B 【出處】內分泌系統 【解析】運動、NREM 睡眠及高蛋白質食物，均 能促進生長激素分泌。,113基礎醫學
科林菲特氏症（Klinefelter's syndrome）患者的白血球細胞核旁，最多可以看到幾個巴氏體（barr body）？,A.0 B.1 C.2 D.3,單選,B. 1,2,【解答】B 【出處】生殖系統 你必天 【解析】當人類具有兩條X染色體時，有時為了 防止X染色體過度表現，而將其中一條X染色體 關閉，並形成巴氏體。而柯林菲特氏症是具有47 條染色體的性染色體疾病，其特徵為 XXY。因有 2個X染色體，所以會有一個巴氏體。,113基礎醫學
下列何者最可能同時降低動脈血壓波振幅（arterial pulse wave）與動脈血壓波速度（pulse wave velocity）？,A.粥狀動脈硬化 B.動脈老化 C.高血壓 D.低血壓,單選,D. 低血壓,2,【解答】D 【出處】循環系統 不克 【解析】A、B選項均會使血管阻力上升、血壓上 升，故與 B項均會使血壓波振幅與速度上升。 唯有低血壓才會有振幅與波速均下降。,113基礎醫學
在沒有抗利尿激素（antidiuretic hormone）介入的情況下，下列何處對鈉離子的再吸收（reabsorption） 最多？,A.近曲小管（proximal convoluted tubule） B.遠曲小管（distal convoluted tubule） C.亨利氏管上行枝（ascending limb of loop of Henle） D.亨利氏管下行枝（descending limb of loop of Henle）,單選,A. 近曲小管（proximal convoluted tubule）,2,【解答】A 【出處】泌尿系統 三及𥮳 【解析】不論 ADH 是否有分泌，水的再吸收再近 曲小管高達70%左右。,113基礎醫學
正常吸氣的過程中，不會出現下列何種情況？,A.橫膈肌（diaphragm）收縮下移 B.肺泡壓（alveolar pressure）增加 C.胸膜內壓（intrapleural pressure）降低 D.肺間壓（transpulmonary pressure）增加,單選,B. 肺泡壓（alveolar pressure）增加,2,【解答】B 【出處】呼吸系統 【解析】吸氣時肺內壓下降，且比大氣壓還小， 所以空氣會進入肺中，故B錯。,113基礎醫學
調節消化道平滑肌收縮，最主要的離子為下列何者？,A.鈣離子 B.鈉離子 C.鉀離子 D.氯離子,單選,A. 鈣離子,2,【解答】A 【出處】肌肉系統 【解析】 任何肌肉都需要 Ca^2+才能收縮，故應選A,113基礎醫學
下列那一種細胞分泌激素的主要功能，與副甲狀腺素（parathyroid hormone）的作用相反？,A.甲狀腺的濾泡細胞（follicular cell of thyroid gland） B.甲狀腺的濾泡旁細胞（parafollicular cell of thyroid gland） C.腎上腺的束狀區細胞（zona fasciculata of adrenal gland） D.腎上腺的網狀區細胞（zona reticularis of adrenal gland）,單選,B. 甲狀腺的濾泡旁細胞（parafollicular cell of thyroid gland）,2,【解答】B 【出處】內分泌 【解析】副甲狀腺素可使血上 Ca升，而甲狀腺 的濾泡旁細胞分泌降鈣素，則使血 Ca下降。,113基礎醫學
組成踝關節（ankle joint）的骨骼，除脛骨、腓骨之外還包括：,A.跟骨（calcaneus） B.蹠骨（metatarsal bone） C.骰骨（cuboid） D.距骨（talus）,單選,D. 距骨（talus）,2,【解答】D 【出處】骨骼系統 【解析】踝關節由脛骨、腓骨及距骨組成。,113基礎醫學
下列何者兼具屈曲和伸展肩關節的功能？,A.胸大肌 B.三角肌 C.斜方肌 D.棘上肌,單選,B. 三角肌,2,【解答】B 【出處】肌肉 【解析】三角肌可屈曲及外展肩關節,113基礎醫學
右心室的腱索（chordae tendineae）固著在下列何處？,A.肺動脈瓣 B.主動脈瓣 C.二尖瓣 D.三尖瓣,單選,D. 三尖瓣,2,【解答】D 【出處】循環系統 【解析】房室辦的腱索與乳頭肌相連，可預防血 液逆流回心房。而右心的房室瓣是三尖瓣。,113基礎醫學
下列何者是負責供應肝臟充氧血的血管？,A.腸繫膜上動脈 B.腹腔動脈幹 C.肝門靜脈 D.肝靜脈,單選,B. 腹腔動脈幹,2,【解答】B 【出處】循環系統 【解析】腹腔動脈幹的分枝： 肝動脈可供應肝臟含氧血，而肝門靜脈則將富含 消化道營養的缺氧血送入肝臟。,113基礎醫學
下列腎臟構造中，何者最靠近腎門（renal hilum）？,A.腎柱（renal column） B.腎盂（renal pelvis） C.腎盞（renal calyx） D.腎錐體（renal pyramid）,單選,B. 腎盂（renal pelvis）,2,【解答】B 【出處】泌尿系統 【解析】腎盂在腎門附近連按輪尿管，故本題應 選B,113基礎醫學
下列有關卵巢內成熟濾泡（mature follicle）的敘述，何者錯誤？,A.濾泡外圍的內鞘膜（theca interna）細胞可合成雄性素（androgen） B.濾泡內部的顆粒細胞（granulosa cells）參與雌激素（estrogen）的合成 C.濾泡內含23條染色體的卵子（ovum） D.濾泡內含單一大濾泡腔（antrum）,單選,C. 濾泡內含23條染色體的卵子（ovum）,2,【解答】C 【出處】內分泌 【解析】濾泡內含不同時期的卵細胞，而「卵子」 則是由濾泡先排出次級卵母細胞後，在翰卵管中 進行第2次減數分裂後才產生的，故C是錯白,113基礎醫學
下列何者調控並可加速肝臟分泌膽汁？,A.交感神經（sympathetic nerve） B.迷走神經（vagus nerves） C.胸腰段脊神經（spinal nerves） D.舌咽神經（glossopharyngeal nerve）,單選,B. 迷走神經（vagus nerves）,2,【解答】B 【出處】神經系統/消化系統 【解析】迷走神經屬副交感神經，可調控消化道 運動與分泌機能。,113基礎醫學
肝胰壺腹是由下列那兩者會合而形成？,A.肝管與主胰管 B.肝管與副胰管 C.總膽管與主胰管 D.總膽管與副胰管,單選,C. 總膽管與主胰管,2,【解答】C 【出處】消化系統 【解析】總膽管與主胰管會合後形成肝胰壺腹， 再注入十二指腸乳頭部。,113基礎醫學
下列那一個內臟的位移痛（referred pain）出現在左手臂內側皮膚？,A.心臟（heart） B.肺臟（lung） C.肝臟（liver） D.腎臟（kidney）,單選,A. 心臟（heart）,2,【解答】A 【出處】循環系統 【解析】心臟的位移痛與左肩左臂有關,113基礎醫學
有關組織傷口癒合的敘述，下列何者最不適當？,A.傷口感染是造成癒合延遲的重要因素 B.組織癒合過程易出現肉芽組織（granulation tissue） C.使用類固醇抗發炎藥能有效抑制發炎並增進傷口癒合強度 D.糖尿病患因血液灌注不良引起傷口癒合異常,單選,C. 使用類固醇抗發炎藥能有效抑制發炎並增進傷口癒合強度,2,【解答】C 【出處】 炎症與修護 【解析】長期過量使用類固醇所造成的副作用包 括蛋白質的分解及代謝過盛，而有蛋白質耗竭的 現象，容易發生皮膚和皮下組織變薄、粉刺、肌 肉發育不良、傷口癒合不良。,113基礎醫學
下列何者不是心因性休克病患常見的臨床表現？,A.低血壓 B.快而弱的脈搏 C.呼吸急促 D.尿量增加,單選,D. 尿量增加,2,【解答】D 【出處】體液與血液動力障礙 【解析】臨床上患者會表現出嚴重的低血壓、快 而弱的脈搏、因為肺部水腫會產生活動時呼吸喘 或是端坐呼吸喘的情形，以及四肢水腫、尿量減 少,113基礎醫學
下列那種遺傳性疾病的遺傳模式和其他選項不一樣？,A.第一型神經纖維瘤症（neurofibromatosis type 1） B.地中海型貧血（thalassemia） C.馬凡氏症（Marfan syndrome） D.結節性硬化症（tuberous sclerosis）,單選,B. 地中海型貧血（thalassemia）,2,【解答】B 【出處】遺傳性疾病 【解析】 1.體染色體顯性遺傳病(AD)： 1）軟骨發育不全症(Achondroplasia) （2）亨丁頓氏舞蹈症(Humtington’schorea) （3）馬凡氏症候群(Marfan’ssyndrome) （4）結節性硬化症(Tuberoussclerosis) （5）神經纖維瘤(Neurofibromatosis) 2.第一型神經纖維瘤症(neurofibromatosistype1) 是體染色體顯性遺傳病(AD)。發生變異的基因位 置在第17對染色體(17911.2)上 3.地中海貧血又稱海洋性貧血，是一種隱性遺傳性 的血液疾病,113基礎醫學
壞血病（scurvy）是那一種維生素缺乏所造成？,A.維生素C B.維生素A C.維生素D D.維生素B12,單選,A. 維生素C,2,【解答】A 【出處】炎症與修護 【解析】壞血病（scurvy），由維生素C缺乏引起， 所以維生素C缺乏病主要是指壞血病。但維生素 C缺乏不僅能引起壞血病，還與炎症、動脈硬化、 腫瘤箏多種疾患有關。,113基礎醫學
社區性肺炎（community-acquired pneumonia）指的是患者在日常生活環境中所得到的感染，而非在醫院中 的感染。引起典型社區性肺炎最常見的致病菌為何？,A.金黃色葡萄球菌（Staphylococcus aureus） B.肺炎鏈球菌（Streptococcus pneumoniae） C.流行感冒嗜血桿菌（Haemophilus influenzae） D.黴漿菌（Mycoplasma pneumoniae）,單選,B. 肺炎鏈球菌（Streptococcus pneumoniae）,2,【解答】B 【出處】感染性疾病 【解析】典型社區型肺炎最常見的肺炎鏈球菌引 起，症狀通常較為急性，包括發燒、畏寒、咳嗽 合併痰液，另也可能出現單側肋膜性胸痛與呼吸 囷難等症狀。,113基礎醫學
缺鐵性貧血（iron deficiency anemia）的紅血球，其形態有何特徵？,A.體積小且顏色深 B.體積小且顏色淺 C.體積大且顏色深 D.體積大且顏色淺,單選,B. 體積小且顏色淺,2,【解答】B 【出處】體液輿血液動力障礙 【解析】小球性貪血包括缺鐵性貧血（最常見）、 海洋性貧血（台灣常見）。患者的紅血球比正常人 體積小，顏色也較淺。,113基礎醫學
下列何種病毒必須有B型肝炎病毒（hepatitis B virus）存在才能感染人體？,A.A型肝炎病毒（hepatitis A virus） B.C型肝炎病毒（hepatitis C virus） C.D型肝炎病毒（hepatitis D virus） D.E型肝炎病毒（hepatitis E virus）,單選,C. D型肝炎病毒（hepatitis D virus）,2,【解答】C 【出處】呼吸系統疾病 【解析】D型肝炎病毒是必須藉助B型肝炎病毒 的外套才能造出具有傳染力的完整病蟲，只有D 型肝炎病毒而沒B型肝炎病毒的幫助，D型肝炎 是無法禎製的。,113基礎醫學
三陰性（triple negative）乳癌的定義不包含下列何者？,A.雌激素受體（estrogen receptor）陰性 B.孕激素受體（progesterone receptor）陰性 C.第二型人類表皮生長因子接受體（human epidermal growth factor receptor 2）陰性 D.細胞角蛋白（cytokeratin）陰性,單選,D. 細胞角蛋白（cytokeratin）陰性,2,【解答】D 【出處】免疫系統疾病 【解析】 1.三陰性乳癌是指雌激素(ER）、黃體素(PR)和第二 型人類上皮生長受體(HER2)等三種荷爾蒙受體 呈現陰性，代表惠者缺乏這些荷爾蒙受體，導 致患者大多只能選擇化療，而無法採用荷爾蒙 療法以及標靶治療，治療方式相當有限。 2.細胞角蛋白（Cytokeratin，一種上皮細胞特異性 標誌物）陽性,113基礎醫學
"進行性多灶性白質腦病（progressive multifocal leukoencephalopathy, PML）是一種髓鞘脫失 （demyelination）的病變，臨床上常與免疫抑制有關。此病主要由何種病毒引起？",A.HSV-1（herpes simplex virus-1） B.VZV（varicella-zoster virus） C.EBV（Epstein-Barr virus） D.JC virus,單選,D. JC virus,2,"【解答】D 【出處】RNA病毒、新興病毒 【解析】JC病毒(JohnCunninghamvirus,JCV)是 一種人類多瘤病毒，若宿主的免疫系統有缺陷或 被抑制，可能造成JC病毒突變活化，進而穿過血 腦屏障(Bloodbrainbarrier)感染腦部寡突及星 型膠質細胞，造成進行性多灶性白質腦 (Progressive multifocal leukoencephalopathy PML) •",113基礎醫學
侏儒症中最常見的原因是軟骨發育不全（achondroplasia），而軟骨發育不全為體染色體顯性遺傳疾病。約 90%的病人與下列那一個基因突變有關？,A.Fibroblast growth factor receptor 3基因 B.Fibrillin-1基因 C.NF-1基因 D.TCIRG1基因,單選,A. Fibroblast growth factor receptor 3基因,2,【解答】A 【出處】遺傳性疾病 〔解析】 1.軟骨發育不全症」是因骨骼異常而導致生長矮小 的疾病，此症是最常見的遺傳性短肢侏儒症，其 發生率約兩萬五千分之一，是屬於體染色體顯性 遺傳疾病。 2.其致病原因為「纖維芽細胞接受體-3J(FGFR-3） 基因產生缺陷，導致骨骼生長發育不良，長骨的 生長受到抑制,113基礎醫學
在治療慢性阻塞性肺病（COPD）的藥物中，下列何者可抑制乙醯膽鹼（ACh）受體，以減少黏液之分泌？,A.cromolyn B.ipratropium C.beclomethasone D.terbutaline,單選,B. ipratropium,2,【解答】B 【出處】副交感神經阻斷劑 【解析】ipratropium為副交感神經阻斷劑， 能阻斷muscarine受體而抑制乙醯膽鹼的作用。,113基礎醫學
下列何者最常用於緊急治療過敏性休克（anaphylactic shock）？,A.terbutaline B.isoproterenol C.ephedrine D.epinephrine,單選,D. epinephrine,2,【解答】D 【出處】擬交感神經藥物 【解析】epinephrine是治療過敏性休克的首選藥物。,113基礎醫學
下列對於毒品搖頭丸之敘述，何者最不適當？,A.可抑制血清素之再回收 B.結構類似安非他命 C.可能引起高熱症 D.英文簡稱NMDA,單選,D. 英文簡稱NMDA,2,【解答】D 【出處】中樞神經藥物 【解析】 (D)搖頭丸英文簡稱是MDMA不是NMDA,113基礎醫學
下列何者不屬於類鴉片藥物戒斷症候群？,A.體溫過低 B.噁心、嘔吐 C.顫抖 D.流鼻涕,單選,A. 體溫過低,2,【解答】A 【出處】鎮痛劑及痛風治療劑 【解析】戒斷症狀包括渴藥、不安、打呵欠、流 淚、流鼻水、流汗、顫抖、發熱、血壓高、失眠 、厭食、腹瀉、噁心、嘔吐、腹痛、肌肉疼痛、冷火雞(身體發冷及起雞皮疙瘩)畏寒發燒等症狀,113基礎醫學
Fexofenadine較不具鎮靜安眠作用，原因為何？,A.較難通過血腦障壁 B.對H1受體的選擇性增加 C.抑制中樞GABA受體 D.體內半衰期短,單選,A. 較難通過血腦障壁,2,"【解答】A 【出處】自泌素 【解析】(A)Fexofenadine 較難通過血腦障壁是第 二代抗組織胺,適用於肝功能不好的病人,若腎不 好須減量",113基礎醫學
口服抗凝血劑warfarin中毒出血時，應如何救治最好？,A.給予肌肉注射或靜脈注射維生素K B.給予皮下注射或靜脈注射維生素B12 C.給予口服、皮下注射或靜脈注射methylprednisolone D.給予口服、皮下注射或靜脈注射tranexamic acid,單選,A. 給予肌肉注射或靜脈注射維生素K,2,"【解答】A 【出處】血液及心臟血管用藥 【解析】(A)warfarin中素出血時,給予肌肉注射或 靜脈注射維生秦K",113基礎醫學
Milrinone具有強心及擴張血管之功能，長期使用會引發心律不整，此藥物的藥理作用機制為何？,A.第一型磷酸雙酯酶（phosphodiesterase 1）抑制劑 B.第二型磷酸雙酯酶（phosphodiesterase 2）抑制劑 C.第三型磷酸雙酯酶（phosphodiesterase 3）抑制劑 D.第五型磷酸雙酯酶（phosphodiesterase 5）抑制劑,單選,C. 第三型磷酸雙酯酶（phosphodiesterase 3）抑制劑,2,【解答】C 【出處】血液及心臟血管用藥 【解析】Milrinone是PDE3抑制劑抑制心肌細胞 內CAMP的代謝，高濃度的CAMP活化多種蛋白 酶，使心肌膜上的鈣通道開放，Ca2+內流，達到 強心及擴張血管之功能,113基礎醫學
治療糖尿病的用藥canagliflozin，其主要作用機制為何？,A.刺激insulin的釋放 B.減少肝臟生成葡萄糖 C.減少腸胃道對葡萄糖的吸收 D.增加葡萄糖從尿液排除,單選,D. 增加葡萄糖從尿液排除,2,"【解答】D 【出處】作用於新陳代謝及內分泌藥物 【解析】canagliflozin屬於SGLT2抑制劑,可抑制 葡萄糖再吸收,增加葡萄糖從尿液排除",113基礎醫學
下列抗結核桿菌的藥物中，何者會降低以protease inhibitors治療愛滋病（AIDS）的效果？,A.ethambutol B.isoniazid C.pyrazinamide D.rifampin,單選,D. rifampin,2,【解答】D 【出處】藥物概論 【解析】rifampin會誘發代謝酵素，降低以 proteaseinhibitors治療愛滋病（AIDS）的效果,113基礎醫學
下列藥物均能治療新生兒感染，但在考量副作用的前提下，何者是最好的選擇？,A.chloramphenicol B.penicillin G C.sulfamethoxazole D.tetracycline,單選,B. penicillin G,2,【解答】B 【出處】抗微生物藥物 【解析】 (A)chloramphenicol與(C)sulfamethoxazole可能造 成再生不良性貧血， （D)tetracycline可能影響骨骼牙齒的生長,113基礎醫學
下列何種構造通常是由多醣組成，對於幫助細菌抵抗免疫細胞的吞噬作用（phagocytosis）極為重要？,A.莢膜（capsule） B.鞭毛（flagellum） C.線毛（pilus） D.芽孢（spore）,單選,A. 莢膜（capsule）,2,【解答】A 【出處】細菌型態與構造 【解析】 1.莢膜 (1)通常由多醣(polysaccharide組成 *例外：炭疽桿菌(Bacillusanthracis)由多胜月 太(polypeptide)/蛋白質所組成。 （2)細菌毒力因子(virulencefactor)，與附著、抗吞 噬有關。 (3)作為血清分型(Typing)之依據。 (4)作為疫苗成分：細菌多醣莢膜連結上蛋白質。 ①B型流行性感冒嗜血桿菌 (Haemophilusinfhenzae）。 ②奈瑟氏腦膜炎雙球菌 (Neisseriameningitidis)。 ③肺炎雙球菌(Streptococcuspneumonice)。 2.鞭毛：蛋白質所組成，運動器官 3.線毛：蛋白質所組成，一般線毛(Pili/Fimbria)- 附著、性線毛(sexpili）-接合作用(conjugation) 有關。 4.芽孢：抵抗惡劣環境有關。,113基礎醫學
下列那個酵素主要負責B細胞的體細胞超突變（somatic hypermutation）？,A.RAG1（recombination-activating gene 1） B.RAG2（recombination-activating gene 2） C.TdT（terminal deoxynucleotidyl transferase） D.AID（activation-induced cytidine deaminase）,單選,D. AID（activation-induced cytidine deaminase）,2,【解答】D 【出處】抗原及抗體 【解析】抗體多樣性(Abdiversity)的機轉：免疫球 蛋白基因重組 1.多源母細胞系V基因(multiplegermlineVgenes) 抗體重鏈由V、D、J、C基因所編碼，輕鏈係 由V、J、C基因所編碼 2.重組多樣性(combinationaldiversity) 重鏈之變異區(Vregion)由V-D-J組合，輕鏈之 變異區(Vregion)由V-J組合，重鏈不同段落的 V、D、J或輕鏈的V、丁基因藉由RAG1、RAG2 (recombination-activatinggene1、2）做為基因 組合酵素(recombinase)，聯結不同段落聯結成抗 體基因。 3.結合之多樣性(junctionaldiversity) 重鏈V-D-J、輕鏈的V-J組合時，TdT(terminal deoxynucleotidyltransferase）酵素可加入一些 新的核甘酸，造成讀取密碼序列之順序改變 frameshiftmutation），導致重組更具多樣化。 4.體細胞超突變(somatichypermutation) V基因常會有突變產生，可提高抗原與抗體之 親合力，為抗體親和力增加(affinitymaturation) 之重要原因〕；参與體細胞超突變之酵素為AD (activation-inducedcytidinedeaminase)，AID可 將DNA中cytosinebase轉換成uracil，使原本 C.G突變成A:T。 5.挑選過之重鏈與輕鏈 (CombinationsofHandLchain) 重鏈V-D-J-C重組，輕鏈由V-J-C重組，抗體 為重鏈V-D-J與輕鏈構𢦓，可增加其多樣性。,113基礎醫學
有關抗體的敘述，下列何者錯誤？,A.IgG包含兩個輕鏈及兩個重鏈，由雙硫鍵連結 B.IgA以雙體（dimer）的結構，透過黏膜上皮細胞基底部位之poly-Ig receptor運送至管腔部位 C.大部分血清中的IgG半衰期大約三週 D.血清中濃度最高的是IgE,單選,D. 血清中濃度最高的是IgE,2,【解答】D 【出處】抗原及抗體 【解析】正常人血中抗體濃度： IgG>IgA>IgM>IgD>IgE。,113基礎醫學
下列何者屬於第二型過敏反應？,A.阿圖斯氏反應（Arthus reaction） B.全身性過敏反應（systemic anaphylaxis） C.結核菌素反應 D.ABO血型不合造成的溶血與輸血反應,單選,D. ABO血型不合造成的溶血與輸血反應,2,【解答】D 【出處】過敏反應 【解析】 1.阿圖斯氏反應(Arthusreaction)：第三型。 2.全身性過敏反應(systemicanaphylaxis): 第一型。 3.結核菌素反應：第四型。,113基礎醫學
治療金黃色葡萄球菌造成的院內感染，下列何種抗生素最可能有效？,A.紅黴素（Erythromycin） B.萬古黴素（Vancomycin） C.氯黴素（Chloramphenicol） D.青黴素（Penicillin）,單選,B. 萬古黴素（Vancomycin）,2,【解答】B 【出處】滅菌及化學治療 【解析】萬古黴素(vancomycin)為醣甘類 (glycopeptide），大分子，適於治療G(+)，G()細菌 無效，常用於治療引起院內感染、對methicilin 或oxacillin產生抗藥性的金黃色葡萄球菌MRSA (methicillin-resistant Staphylococcus aureus) ORA(oxacillin-resistant Staphylococcus aureus)。,113基礎醫學
下列何種細菌感染，常與食用受污染的帶殼海鮮所發生的食物中毒相關？,A.腸炎弧菌（Vibrio parahaemolyticus） B.傷寒沙門氏菌（Salmonella Typhi） C.鼠疫耶氏桿菌（Yersinia pestis） D.痢疾志賀氏菌（Shigella dysenteriae）,單選,A. 腸炎弧菌（Vibrio parahaemolyticus）,2,【解答】A 【出處】革蘭氏陰性桿菌 【解析】 1.傷寒沙門氏菌（SalmonellaTphi): 蛋、乳、肉類製品，食物中泰、 傷寒(typhoidfever)。 2.鼠疫耶氏桿菌(Yersiniapestis): 鼠蚤叮咬或飛沫傳染，鼠疫/黑死病(plaque)。 3.痢疾志賀氏菌(Shigelladsenterice)： 冀口傅染，桿菌性痢疾、溶血性尿毒症侯群 (hemolytic uremic syndrome) 。,113基礎醫學
下列何種細菌感染所造成的腸炎，最可能引發周邊神經病變（Guillain-Barré症候群）？,A.大腸桿菌（Escherichia coli） B.幽門螺旋桿菌（Helicobacter pylori） C.霍亂弧菌（Vibrio cholerae） D.空腸彎曲桿菌（Campylobacter jejuni）,單選,D. 空腸彎曲桿菌（Campylobacter jejuni）,2,【解答】D 【出處】革蘭氏陰性桿菌 【解析】 1.大腸桿菌(Escherichiacoli) 泌尿道感染、旅行者腹瀉、溶血性尿毒症侯群 (HUS)、新生兒細菌性腦膜、急性骨髓炎。 2.幽門螺旋桿菌(Helicobacterpylori) 胃炎、胃潰瘍、十二指腸潰瘍、胃癌、胃黏膜相 關淋巴組織淋巴瘤(MALT)。 3.霍亂弧菌(Wbriocholerae） 霍亂(01、0139血清型引起）。 4.空腸彎曲桿菌(Campylobacterjejuni) (1)腸胃炎/下痢。 (②)Guillain-Barresyndrome ①周邊神經自體免疫疾病(autoimmunedisease)。 ②可能與細菌之LOS抗原結構類似周邊神經之 gangliosides有關，造成免疫系統攻擊自體周 邊神經組織。 ③症狀：發病前，常有類似感冒病史，對稱性 雙側漸進式無力，手腳感覺異常或剌痛感。 嚴重造成複視、顏面神經麻痺、吞嚥困難， 甚至死亡。,113基礎醫學
下列何者不屬於皮癬菌（dermatophytes）？,A.表皮癬菌（Epidermophyton） B.毛髮癬菌（Trichophyton） C.絲孢酵母菌（Trichosporon） D.小芽孢菌（Microsporum）,單選,C. 絲孢酵母菌（Trichosporon）,2,【解答】C 【出處】黴菌 【解析】 1.表皮黴菌/皮癬菌(Dermatophytes)包括 (1)表皮癬菌屬(Epidermophyron): 皮膚、指甲、不侵犯毛髮。 （2)小胞子癬菌屬(Microsporrm)： 皮膚、毛髮、少侵犯指甲。 （3)毛髮癬菌屬(Trichophyton)：皮膚、毛髮、指甲。 2.表淺性黴菌病(superficialmycosis)： 主要感染最外層、死亡皮膚細胞 (1)絲孢酵母菌(TrichosporonBeigeli)： 毛幹白節病(whitepiedra。 (2)Piedraiahortae：毛幹黑節病(blackpiedra （3)糠穸小胞子菌(Malasseziafurtur) 汗斑、花斑癬(pityriasisvesicolor。 (4)1ortaeawerneckii：黑癬(tineanigra) ,113基礎醫學
有關第16型人類乳突病毒（HPV-16）的敘述，下列何者錯誤？,A.感染提高婦女得到子宮頸癌的機率 B.感染提高口咽癌罹患機率 C.感染造成傳染性濕疣（molluscum contagiosum） D.HPV-16 E6為致癌基因（oncogene）,單選,C. 感染造成傳染性濕疣（molluscum contagiosum）,2,【解答】C 【出處】DNA病毒 【解析】傳染性濕疣(molluscumcontagiosum) 1.傳染性軟疣病毒 (Molluscumcontagiosumvirus;MCV引起。 2.痘病蟲科(Poxviridae)，人傳人(直接接觸、性行 為），不是經由動物傳染(zoonosis)。 潛伏期2-7週;免疫正常者通常6-12月後可自行 消失，免疫低下者(AIDS、器官移植、化療者等） 則持續存在且病兆灶數目增加。 3.叮發生於身體任何部位皮膚，常見於頸部： 軀幹、下腹部及外生殖器。 4.感染皮膚表面出現丘瘆或結節，頂端凹陷呈肚臍 狀(umbilicated)、具蠟樣光澤，可擠出乳酪狀病 毒包涵體(inclusion)-軟疣體(molluscumbodies),113基礎醫學
下列何種人體器官，最常受到腸外阿米巴病（extraintestinal amebiasis）原蟲的滋養體（trophozoite） 入侵？,A.肺 B.心臟 C.肝 D.腎臟,單選,C. 肝,2,【解答】C 【出處】原蟲 【解析】痢疾阿米巴(Entamoebahistolytica) 1.阿米巴痢疾、阿米巴性肝膿瘍(好發右葉)。 主要侵犯結腸，可轉移至肝、肺、腦。 腸外阿米巴病(extraintestinalamebiasis)最常 入侵肝。 2.囊體(cyst)污染食物、肛交感染，家蠅為傳染媒 介。 常見於精神病院、難民營和擁擠的日間照護中心 感染。,113基礎醫學
急診湧入大量病人，病房護理人員被派至急診支援時，聽從急診行政領導人員的指令，依據不同的工作性 質，到固定地點拿取不同的護理設備與工具，固定分工協助急診病人照顧。此為那一類護理工作模式？,A.功能性護理（functional nursing） B.成組護理（team nursing） C.全責護理（primary nursing） D.綜合性護理（modular nursing）,單選,A. 功能性護理（functional nursing）,2,【解答】A 【出處】護理學導論 【解析】每一工作人員負責某項工作，是以工作 為中心的護理方式，為功能性護理，適合於人力 短缺時。,113基本護理學
王先生因登革熱入院，下列敘述何者正確？,A.此疾病傳染途徑為共通媒介物傳播 B.使用蚊帳，是為阻斷傳染途徑 C.處理居家環境積水，是為阻斷進入宿主的入口 D.照護病人採用外科無菌技術，是為阻斷傳染窩,單選,B. 使用蚊帳，是為阻斷傳染途徑,2,【解答】B 【出處】感染控制 【解析】 (A)此疾病傳染途徑為病媒傳播 (C)處理居家環境積水，為阻斷傳染窩 (D)照護病人採用外科無菌技術，為阻斷傳染途徑,113基本護理學
護理人員在執行任何護理活動時，應以病人安全為首要考量，下列敘述何者正確？,A.給藥錯誤屬於物理性傷害 B.跌倒屬於化學性傷害 C.照護老年人或使用鎮定劑的病人應給與約束 D.感覺功能障礙者須注意用熱導致的溫度傷害,單選,D. 感覺功能障礙者須注意用熱導致的溫度傷害,2,【解答】D 【出處】醫療環境 【解析】 (A)給藥錯誤屬於化學性傷害 (B)跌倒屬於機械性傷害 (C)老年人或使用鎮定劑的病人為易跌倒個案，要 確實使用床欄，約束並非是預防跌倒的最優先 與唯一的選擇。,113基本護理學
依據109年修訂之護理人員法，護理人員因停業、歇業、復業或變更執業處所時，應於自事實發生之日起於規 定時間內，報請原發執業執照機關備查，若違反其規定者得處新臺幣多少罰鍰？,"A.1,000元以上～10,000元以下 B.2,000元以上～20,000元以下 C.3,000元以上～30,000元以下 D.4,000元以上～40,000元以下",單選,"C. 3,000元以上～30,000元以下",2,【解答】C 【出處】護理學導論 【解析】依據護理人員法第11條第一項規定「醫 事相關人員在停業或歌業時，應自事實發生日起 三十日內，須報請原發執業執照機關辦理備查。」 第39 條「若違反第十一條第一項規定者，處新 臺幣三千元以上三萬元以下罰鍰。」,113基本護理學
3天前接受清創術病人即將出院，但向醫師要求能夠繼續住院接受專業照顧，有關護理人員的回應，下列何者 最適當？,A.主動向病人提供回診相關諮詢 B.和病人共同擬定護理計畫 C.與病人溝通並了解其感受與想法 D.清楚說明出院的流程讓病人安心,單選,C. 與病人溝通並了解其感受與想法,2,【解答】C 【出處】觀察與溝通 【解析】病人出院時的心理反應可能會有焦慮、 擔心等，可以鼓勵病人將自己的感覺表達出來， 醫護人員也更能了解病人需求。,113基本護理學
護理師發現病人的主訴與病歷紀載的家庭樹資料不相符，向主要照顧者進行再次確認，此為護理過程的那個 步驟？,A.護理評值 B.護理診斷 C.護理評估 D.護理計畫,單選,C. 護理評估,2,【解答】C 【出處】護理過程 關方 【解析】(C)護理評估指護理師收集護理對象與健 康有關的資料。,113基本護理學
手術後第2天，病人於8：30 AM下床活動後主訴傷口痛且臉色蒼白、盜冷汗，醫師評估後於9 AM給予止痛藥。 下列何者為最適當的評值？,A.8：45 AM採半坐臥後，蒼白改善 B.9 AM依醫囑給與止痛藥 C.10 AM病人主訴疼痛指數3分 D.10 PM家屬表示病人睡不著,單選,C. 10 AM病人主訴疼痛指數3分,2,【解答】C 【出處】護理過程 【解析】主訴傷口痛，因此給予止痛藥，要評值 的是傷口疼痛改善的程度，故(A)、(D)不選。,113基本護理學
下列護理人員的答話，何者能增進護病關係？,A.「你看起來一點進步也沒有，你有沒有認真做復健？」 B.「有什麼事讓妳心情不好，要試著說說看嗎？」 C.「不要一天到晚想要死，你一家大小可都是你的責任，要靠你養！」 D.「不要怕痛、怕麻煩，妳就按照我教妳的這樣做就對了！」,單選,B. 「有什麼事讓妳心情不好，要試著說說看嗎？」,2,【解答】B 【出處】觀察與溝通 【解析】(A)(C)帶有批判態度； (D)給予忠告，忽略個案表達他的感覺。,113基本護理學
護理目標如下：「病人能解釋血糖控制與預防糖尿病合併症之關係」，此屬於何種類型的目標？,A.情意目標 B.技能目標 C.認知目標 D.互動目標,單選,C. 認知目標,2,【解答】C 【出處】護理過程 S呎方 【解析】(C)認知目標指個案能獲得知識，且能理 解、應用、分析等。常用辭巢為：說出、舉出、 列出、敘述，題目中病人能「解釋」即代表能說 出，故選(C)。,113基本護理學
吳小弟，體重9公斤，醫囑開立「Amoxicillin® I.V. drip Q6H」，此藥物單次成人劑量為500 mg。依克拉 克氏法則（Clark’s rule），吳小弟單次用藥劑量為多少mg？,A.46 B.56 C.66 D.76,單選,C. 66,2,【解答】C 【出處】給藥法 【解析】克拉克氏法則： 兒童劑量= 成人劑量x（兒童磅重/150）,113基本護理學
下列藥物劑型，何者的吸收速度最慢？,A.懸浮劑 B.發泡錠 C.軟膠囊 D.粉劑,單選,C. 軟膠囊,2,【解答】C 【出處】給藥法 【解析】藥物吸收速率外快到慢： 溶液懸>浮劑>粉劑>軟膠囊，而發泡錠需泡水溶解 呈液態形式，吸收速度通常比固體藥品來得快。,113基本護理學
病人血壓180/120 mmHg，醫囑「nifedipine（Adalat®）10 mg /cap 1# S.L. STAT」， 下列給藥方式何者正 確？,A.請病人咬碎後吞服 B.請病人舌下含服 C.請病人直接吞服 D.將藥物塞入直腸,單選,B. 請病人舌下含服,2,【解答】B 【出處】給藥法 【解析】醫囑「S.L.」為「舌下含服」，舌下含服 需教導病人勿喝水、勿咀嚼、勿吞服。,113基本護理學
病人罹患急性結膜炎，醫囑開立Emadine® oph. solution. 1gtt. O.U. QID及Devirus® oph. oint. O.U. QID，給眼藥過程下列措施何者錯誤？,A.點藥時，請病人眼睛往上看 B.將藥物滴在下結膜囊內 C.先給Devirus® oph oint. 再給Emadine® oph. solution D.給藥後，請病人閉上眼睛並轉動眼球,單選,C. 先給Devirus® oph oint. 再給Emadine® oph. solution,2,【解答】C 【出處】給藥法 【解析】(C)若病人需同時使用油劑和水劑，應先 點水劑（solution）後再點油劑或藥膏(oint）。,113基本護理學
熱敷時間超過45分鐘，會引起血管收縮屬於下列何種狀況？,A.適應現象（adaptation phenomenon） B.反彈現象（rebound phenomenon） C.交感反應（consensual response） D.保護性反應（protective response）,單選,B. 反彈現象（rebound phenomenon）,2,【解答】B 【出處】冷熱應用及護理 【解析】治療性用熱使用20~30分鐘內達到最大 的血管擴張作用，但超過30~45分鐘以上，則會 使組織充血且血管收縮，即為反彈現象。,113基本護理學
關於冷熱療法效果與目的，下列敘述何者錯誤？,A.使用熱敷處理疼痛，主要作用是促進血液循環，減少充血腫脹 B.冷敷用於靜脈炎的作用是減緩血流，降低白血球活性阻止炎症進展 C.所有冷熱敷的設備均要直接與皮膚接觸，才能達到最大治療效果 D.進行濕熱敷時為預防燙傷，可於皮膚塗上凡士林以達到保護目的,單選,C. 所有冷熱敷的設備均要直接與皮膚接觸，才能達到最大治療效果,2,【解答】C 【出處】冷熱應用及護理 【解析】(C)冷熱敷設備勿直接與皮膚接觸。,113基本護理學
病人因高燒使用低溫毯，護理師在使用低溫毯期間，下列照護事項何者正確？ ①為達到降溫效益，低溫毯 應直接與病人皮膚接觸  ②剛使用時應每5分鐘測量病人的生命徵象，待穩定後則可以每15分鐘監測一次 ③使用過程中若病人出現發抖現象，為正常現象，可持續使用，但需每15分鐘監測體溫一次  ④應每30～60 分鐘協助病人翻身，以免造成壓力性損傷,A.①② B.③④ C.①③ D.②④,單選,D. ②④,2,【解答】D 【出處】營養的需要 【解析】①低溫毯使用時應避免與皮膚直接接觸。 ③若出現發抖現象，則應立即停止。,113基本護理學
在冷敷過程中，患處出現下列何種症狀，可持續使用？,A.患處有涼的感覺 B.麻木感 C.藍斑 D.疼痛,單選,A. 患處有涼的感覺,2,【解答】A 【出處】冷熱應用及護理 【解析】冷敷過程中，若出現合併症皮膚蒼白、 藍色斑點、麻木感、疼痛，應立刻移除及停止冷 熱療法並報告,113基本護理學
在輸血過程中，病人出現皮膚癢、紅疹、鼻塞及呼吸困難等症狀，可能是發生下列何種輸血反應？,A.熱原反應 B.過敏反應 C.溶血反應 D.肺栓塞反應,單選,B. 過敏反應,2,【解答】B 【出處】體液供給 【解析】出現皮膚癢、臉色潮紅、蕁麻疹、喉頭 水腫、呼吸困難等過敏症狀為(B)過敏反應。,113基本護理學
脊髓損傷的病人，無法自行排空膀胱，下列護理措施何者最適當？,"A.限制液體攝入量1,000 mL/天 B.教導凱格爾氏（Kegel’s exercise） C.教導以手向下壓迫膀胱部位 D.協助置入留置導尿管",單選,C. 教導以手向下壓迫膀胱部位,2,【解答】C 【出處】排泄的需要 【解析】協助病人正常排尿，應攝入適量液體， 故(A)限制限制液體攝入量為錯誤。 誘尿方法其中之一為局部按摩，如(C)以手向下壓 迫膀胱部位，可增加腹內壓，促使膀胱尿液排空。,113基本護理學
有關結腸灌洗（colon irrigation）目的之相關敘述，下列何者錯誤？,A.提供術前準備 B.減輕嚴重痔瘡疼痛 C.清除腸道內之糞便 D.降低體內氨之濃度,單選,B. 減輕嚴重痔瘡疼痛,2,【解答】B 【出處】排泄的需要 【解析】結腸灌洗可清潔腸道內的細菌和糞便(C) 稀釋毒素(D)、排除氣體、術前腸道準備(A)。,113基本護理學
有關導尿管的選擇原則，下列何者錯誤？,A.塑膠材質的導尿管使用期限可長達1個月 B.泌尿道手術的病人可使用18 Fr.以上的導尿管 C.當病人需要進行膀胱灌洗時應選擇三路導尿管 D.小孩大多選擇使用8～10 Fr.導尿管,單選,A. 塑膠材質的導尿管使用期限可長達1個月,2,【解答】A 【出處】排泄的需要 【解析】 (A)矽膠材質的導尿管使用期限可長達1個月,113基本護理學
病人配戴橡膠製成的活動假牙，有關假牙的清潔與使用，下列敘述何者正確？,A.假牙不用時需泡在蘇打水中保存 B.使用50℃熱水清潔假牙，加強消毒效果 C.假牙置於口腔前，應先以水濕潤之 D.假牙需整日持續配戴，維持臉頰外觀,單選,C. 假牙置於口腔前，應先以水濕潤之,2,【解答】C 【出處】舒適護理 【解析】(C)戴假牙前，應先以水濕潤，減少摩擦、 以利配戴。,113基本護理學
約束病人的注意事項，下列何者錯誤？,A.手腕先以棉墊保護再綁上約束帶 B.屬護理的獨立性功能 C.約束帶以平結固定在床架上 D.每15～30分鐘觀察病人末梢循環,單選,B. 屬護理的獨立性功能,2,【解答】B 【出處】活動與運動 防无 【解析】 (B)約束需有醫囑，屬護理的非獨立性功能。,113基本護理學
關於脈搏測量的敘述，下列何者錯誤？,A.以觸診法測量脈博時，應用食、中及無名指測量，不可用拇指 B.心房撲動病人可由二位護理師同時一位測心尖脈、一位測橈動脈 C.測量時間皆以30秒×2來計算 D.年老或肥胖病人脈搏不顯著，可使用聽診取代觸診,單選,C. 測量時間皆以30秒×2來計算,2,【解答】C 【出處】生命徵象 【解析】(C)並非所有病人皆以30秒x2來計算，若 為服用毛地黃、心臟血管疾病、肺/腎疾病病人店 邊脈搏不規則，應確實測量心尖脈一分鐘。,113基本護理學
關於測量血壓的注意事項，下列敘述何者正確？,A.將欲測量之手臂支托，使手臂與心臟同高 B.為確認數值正確性，無須間隔可重複充氣 C.正常情況下，慣用手血壓較非慣用手低 D.一般上肢血壓比下肢血壓高,單選,A. 將欲測量之手臂支托，使手臂與心臟同高,2,【解答】A 【出處】生命徵象 【解析】 (B)重複測量時，需放鬆壓脈帶暫停1～2分鐘再重 新測量。 (C)一般慣用手血壓較非慣用手高，通常右手臂較 左手臂高。 (D)一般下肢血壓比上肢血壓高,113基本護理學
調節呼吸的重要化學物質，不包括下列那一項？,A.二氧化碳 B.碳酸根離子 C.氫離子 D.一氧化氮,單選,D. 一氧化氮,2,【解答】D 【出處】生解觀念題 【解析】呼吸除了受呼吸中樞調控外，也受血液 成分影響，動脈血液中氧(O2）、二氧化碳(CO2)、 氫離子(H+)的濃度會刺激化學接受的感應變化， 調節呼吸速率及深度。 血液中運送二氧化碳有三種形式，其中佔最大比 例的方式為透過碳酸氫根離子（HCO3-）。,113基本護理學
下列何種徵象顯示成人鼻胃管插入的位置錯誤？,A.鼻胃管固定的標記顯示為70公分 B.鼻胃管反抽，抽出100 c.c.未消化的食物 C.灌食空針打入30 c.c.空氣，胃部聽診時有空氣進入胃的咕嚕聲音 D.將鼻胃管末端放入水中，無連續性氣泡,單選,A. 鼻胃管固定的標記顯示為70公分,2,【解答】A 【出處】營養的需要 【解析】 味及芽 (A)鼻胃管固定的標記顯示為45~55公分。,113基本護理學
有關營養素的敘述，下列何者正確？,A.非水溶性纖維可以延緩糖分的吸收 B.多醣類膳食纖維會抑制腸道蠕動 C.非必需胺基酸是指人體無法自行合成 D.必需胺基酸必須由食物攝取,單選,D. 必需胺基酸必須由食物攝取,2,【解答】D 【出處】營養的需要 【解析】 (A)水溶性纖維可以延緩糖分的吸收。 (B)多醣類膳食纖維可刺激腸道蠕動。 (C)非必需胺基酸是指人體可以自行合成,113基本護理學
病人接受靜脈營養，預備轉換為腸道營養的第一階段飲食，下列何者最適當？,A.軟質飲食（soft diet） B.高纖飲食（high fiber diet） C.清流質飲食（clear liquid diet） D.低油飲食（low oil diet）,單選,C. 清流質飲食（clear liquid diet）,2,【解答】C 【出處】營養的需要 【解析】清流質飲食適用於靜脈營養轉成腸道堂 養的過渡期。,113基本護理學
病人走路滑倒導致右手臂骨折，護理師使用三角巾為病人執行托懸臂包紮法，下列何者為正確的方式？ ① 協助病人右手肘關節彎曲小於90度，手掌朝上，手腕高於肘部　②協助病人右手肘關節彎曲大於90度，手腕 不可下垂　③協助病人右手肘關節彎曲維持90度，手腕自然下垂　④三角巾底角最後於病人右側肩上打上平 結　⑤三角巾底角最後於病人左側肩上打上平結,A.①④ B.②④ C.③⑤ D.②⑤,單選,A. ①④,2,【解答】A 【出處】繃帶與束帶 【解析】 ②③協助病人右手肘關節彎曲小於90度，手腕 不可下垂。 ⑤三角巾底角最後於病人右側肩上打上平結,113基本護理學
病人因車禍骨折，目前右手上石膏固定，為了避免病人的右手肌肉萎縮，應教導病人的患肢做何種運動？,A.被動全關節運動 B.等長運動 C.漸進式加阻力運動 D.等張運動,單選,B. 等長運動,2,【解答】B 【出處】活動與運動 【解析】(B)等長運動為肌肉收縮，但關節角度及 肌肉長度不變的主動運動。可用於石膏固定的肢 體，可防止石膏拆除後所產生的肌肉萎縮,113基本護理學
有關遺體護理的敘述，下列何者最不適當？,A.需協助鼻胃管留置病人反抽胃內容物後，再移除管路 B.協助遺體口腔護理後，並幫助閉合 C.拔除留置導尿管前，宜先抽出水囊內蒸餾水再移除 D.協助採仰臥並移除頭部枕頭，避免頭頸屈曲,單選,D. 協助採仰臥並移除頭部枕頭，避免頭頸屈曲,2,【解答】D 【出處】臨終護理 【解析】 (D)協助採仰臥，並在頭肩部放置枕頭墊高。,113基本護理學
護理師衛教病人收集24小時尿液檢體，下列敘述何者正確？,A.於7 AM請病人解尿，此次尿液不要，之後開始收集每次解的尿液到次日7 AM B.收集尿液期間如果有遺漏收集，則需持續收集到遺漏之時間點 C.隔日7 AM請病人解最後一次尿液，丟棄不收集 D.將24小時收集到尿液，栓緊容器瓶蓋，連同檢驗單儘速送檢,單選,A. 於7 AM請病人解尿，此次尿液不要，之後開始收集每次解的尿液到次日7 AM,2,【解答】A 【出處】出入院護理 【解析】 (B)收集尿液期間如有遺漏，則隔日需重新收集。 (C)隔日7AM最後一次尿液，要收集。 (D)將24小時的尿液均勻搖晃，倒出約10c.c.至 尿液檢體收集瓶，連同檢驗單儘速送檢,113基本護理學
有關衛生福利部2012年公告的「腦死判定準則」，下列先決條件的敘述何者正確？,A.病人昏迷指數為5或小於5之深度昏迷 B.體溫低於攝氏35度所致之可逆性昏迷 C.具有無法復原的肺葉結構損傷 D.必須依賴氣切管路維持呼吸,單選,A. 病人昏迷指數為5或小於5之深度昏迷,2,【解答】A 【出處】基護(下）第16章 臨終護理 第122頁 【解析】(B)排除可逆性昏迷 (C)具有無法復原的腦部結構損壞 (D)必須依賴人工呼吸器維持呼吸,113基本護理學
下列何者為臨終病人的瀕死症狀？①脈搏出現奇異脈（paradoxical pulse）　②張口呼吸　③肛門括約肌 收縮　④吞嚥困難,A.①② B.①④ C.②③ D.②④,單選,D. ②④,2,【解答】D 【出處】臨終護理 【解析】①脈搏出現絲脈 ③肛門括約肌鬆弛,113基本護理學
有關目標管理，下列敘述何者正確？,A.個人目標與組織目標之設定應各自獨立及達成 B.主管僅做決策，其餘則授權由員工獨立去完成 C.設定目標時，對達成時間的限制應該保持彈性 D.主管須定期評值目標進度，並將結果回饋員工,單選,D. 主管須定期評值目標進度，並將結果回饋員工,2,【解答】D 【出處】規劃與決策 【解析】 (A)錯，目標管理的目標是個人也是組織『共同』 設定的目標。 (B)錯，目標管理是「全員參與』大家須一起共同 執行完成。 (C)錯，設定目標時，對達成時間有限制，固定 時限。,113基本護理學
住宿型長照機構，每位住民每月收費3萬2千元，毛利率六成，每月固定支出70萬元，為達損益平衡點，平均 每月至少應收幾位住民？,A.30人 B.32人 C.35人 D.37人,單選,D. 37人,2,【解答】D 【出處】緒論與管理理論 【解析】 32000 x 0.6 =19200（成本） 700000/19200=36.4人，故(D)正確。,113基本護理學
顧力克（Luther Gulick）以POSDCoRB七個縮寫字說明行政的內涵，請問下列敘述何者正確？,A.R代表Reporting B.P代表Process C.O代表Output D.D代表Development,單選,A. R代表Reporting,2,【解答】A 【出處】緒論與管理理論 【解析】(B)錯，P為 Planning 計畫 (C)錯，O 為 Organizing 組織 (D)錯，D 為 Directing 指揮、督導,113基本護理學
護理長舉辦護理師最佳服務票選活動，獲最高票者的名字與相片會張貼於佈告欄以資鼓勵。依馬斯洛需要層 級理論，此活動最可以滿足下列何種需求？,A.生理 B.愛與歸屬 C.安全感 D.自尊,單選,D. 自尊,2,【解答】D 【出處】緒論與管理理論 盛五 【解析】獲最高票者的名字與相片會張貼於佈告 欄以資鼓勵一公開表揚一滿足其自尊心。,113基本護理學
醫院擬新建醫療大樓，現有病房需進行科別變更或縮減床位，護理主任為因應改變，下列何者應優先執行？,A.擬定護理師轉換科別後所需的教育訓練 B.收集資料、分析及確立可能出現的問題 C.依現有人員數，調整護理人員配置計畫 D.建立各病房轉換科別後之單位管理目標,單選,B. 收集資料、分析及確立可能出現的問題,2,【解答】B 【出處】規劃與決策。 【解析】決策過程的第一步驟一發現問題與界定 問題，故(B)正確。,113基本護理學
績效考評時，將所有人員的考評成績進行分數排列比較，屬於下列何種考核標準？,A.相對標準 B.客觀標準 C.絕對標準 D.主觀標準,單選,A. 相對標準,2,【解答】A 【出處】控制與考核 【解析】將所有人員的考評成績進行分數排列比 較一相互比較法、人員比較法一相對標準。 故(A)正確。,113基本護理學
下列那些臨床專業能力訓練課程，屬於N2進階N3層級的訓練重點？①重症病人護理　②危機處理　③教學原 理與方法　④護理與法律,A.①② B.②③ C.③④ D.①④,單選,B. ②③,2,【解答】B 【出處】人力資源管理 【解析】①重症病人護理、 ④護理與法律一N2 進階。 ②危機處理、 ③教學原理與方法一N3 進階。 故(B)正確。,113基本護理學
下列何種組織結構最適合規模小且複雜性低的護理之家？,A.專案式結構 B.矩陣式結構 C.簡單式結構 D.科層式結構,單選,C. 簡單式結構,2,【解答】C 【出處】組織與溝通 【解析】規模小且複雜性低一扁平結構一簡單式結構。,113基本護理學
能提供病人連續性、協調性、整體性及個別性的照護，亦能增加護理人員的責任感及自主性。屬於下列何種 護理照護模式？,A.技術混合照護模式（skill-mixed nursing care model） B.功能性護理模式（functional nursing care model） C.全責護理模式（primary nursing care model） D.成組護理模式（team nursing care model）,單選,C. 全責護理模式（primary nursing care model）,2,【解答】C 【出處】人力資源管理 【解析】提供病人連續性、協調性、整體性及個 別性的照護一全責護理模式。,113基本護理學
某內科病房有40床，占床率為70%，共有12名護理人員，採三班制，該年度實際上班天數為261天，該病房該 年度每位病人每天的護理時數為多少？,A.3.86 B.2.54 C.2.45 D.1.96,單選,C. 2.45,2,【解答】C 【出處】人力資源管理 【解析】護理時數一 12 人x261天x8h/40床 ×0.7x365天= 2.45。 故(C)正確。,113基本護理學
依據我國傳染病防治法第3條規定之傳染病分類，結核病屬於第幾類傳染病？,A.第一類傳染病 B.第二類傳染病 C.第三類傳染病 D.第四類傳染病,單選,C. 第三類傳染病,2,【解答】C 【出處】傳染病防治法 【解析】結核病一屬於第三類傳染病，故(C)正確,113基本護理學
根據 Donabedian（1966）醫療品質評估之概念架構，下列何者是醫院「過程面」的評估指標？①護理紀錄 完整性　②手術前預防性給與抗生素比率　③可執行細胞治療之醫師比率　④病人死亡率,A.①② B.②③ C.①④ D.③④,單選,A. ①②,2,【解答】A 【出處】護理品質管理 【解析】 ③可執行細胞治療之醫師比率一結構面。 ④病人死亡率一結果面。 ①護理紀錄完整性、 ②手術前預防性給與抗生素比率一結構面； 故(A）正確。,113基本護理學
林護理師於病房工作1.5年，對病人整體性照護在指導下可完成，剛晉升為N1層級。護理長對於林護理師的 領導，適合採用赫爾賽（Hersey） 與布朗查德（Blanchard）之情境領導理論（situational leadership theory）中的何種領導型態？,A.告知型（telling） B.推銷型（selling） C.參與型（participating） D.授權型（delegating）,單選,B. 推銷型（selling）,2,【解答】B 【出處】領導與統御 【解析】 (A)錯，告知型適和新進人員之領導。 (B)正確，林護理師於病房工作1.5 年，對病人整 體性照護在指導下可完成，適合用推銷型領導 她。 (C)錯，參與型適合 N3 層級之領導。 (D)錯，授權型適合 N4 層級之領導。,113基本護理學
有關發生護理業務糾紛時的處置，下列敘述何者最適當？,A.請當事人誠懇冷靜面對病人及家屬 B.理智處理、分析及了解事件的始末 C.尋求法律途徑，釐清業務糾紛責任 D.安排諮商輔導人員舉辦員工教育訓練,單選,B. 理智處理、分析及了解事件的始末,2,【解答】B 【出處】領導與統御 【解析】發生護理業務糾紛時的處置→先分析問題為什麼為發生？ 故(B)正確。,113基本護理學
有關護理成本控制的方法，下列敘述何者錯誤？,A.護理作業資訊化 B.減少護理人員數 C.降低衛材庫存量 D.正確計價防漏帳,單選,B. 減少護理人員數,2,【解答】B 【出處】控制與考核 【解析】  (A)(C)(D)，皆可以控制成本，降低成本。 (B)錯，減少護理人員數會使護理照顧品質下降， 不是控制成本的方式。,113基本護理學
有關多發性硬化症之診斷檢查，下列何者錯誤？,A.腦脊髓液分析可發現IgG抗體上升 B.視覺誘發電位可觀察到受損的神經在傳導過程出現延遲和中斷 C.超音波檢查可發現中樞神經系統髓鞘脫失 D.核磁共振影像可用來確認多發性硬化症之斑塊,單選,C. 超音波檢查可發現中樞神經系統髓鞘脫失,2,【解答】C 【出處】神經系統 【解析】超音波檢查看不出來,113內外科
下列何者不是腦幹中風的常見之表徵？,A.眼球活動不協調 B.運動功能障礙 C.手顫抖 D.嘔吐反射減弱,單選,C. 手顫抖,2,【解答】C 【出處】神經系統 【解析】手顫抖比較像是小腦或基底核（巴金森 氏症）的問題,113內外科
有關頭部外傷病人顱內壓升高的處置，下列何者錯誤？,A.急性期可裝置顱內壓監測器，依醫囑引流腦脊髓液降低顱內壓 B.病人的格拉斯哥昏迷量表（GCS）總分為5分，表示病人處於昏迷狀態 C.使用Mannitol 降腦壓時，使用前後要注意血糖的變化 D.若病人的瞳孔突然放大、對光沒有反應或是固定、肌力及意識下降，有可能是顱內壓升高,單選,C. 使用Mannitol 降腦壓時，使用前後要注意血糖的變化,2,【解答】C 【出處】神經系統 【解析】使用 Mannitol 降腦壓時，使用前後要注 意血壓的變化,113內外科
有關阿茲海默氏症之敘述，下列何者錯誤？,A.是一慢性、進展性、退化性腦部疾病 B.可能病因為年紀、基因遺傳 C.典型的症狀為長期記憶喪失 D.腦部典型變化為神經纖維糾結與老年性斑塊,單選,C. 典型的症狀為長期記憶喪失,2,【解答】C 【出處】神經系統 【解析】短期記憶喪失,113內外科
有關癲癇藥物Dilantin的敘述，下列何者正確？,A.靜脈輸注時須採用5%葡萄糖稀釋 B.口服常見的副作用為血液惡病質、心律不整等 C.指導病人須維持良好的口腔衛生，使用軟毛牙刷按摩牙齦 D.應維持血清治療濃度於80～100 mcg/dL,單選,C. 指導病人須維持良好的口腔衛生，使用軟毛牙刷按摩牙齦,2,【解答】C 【出處】神經系統 【解析】 (A)靜脈輸注時須採用生理食鹽水稀釋 (B)口服常見的副作用為齒齦增生 (D)應維持血清治療濃度於 10~20 ug/dL,113內外科
陳先生因肝硬化、嚴重腹水，出現呼吸急促、意識混亂的情形，由家人送往醫院接受治療，於實驗室檢查 中，可能出現下列何種結果？①ALT：80 U/L、AST：55 U/L　②albumin 4.0 gm/dL　③prothrombin time 5 sec　④ammonia 120 mg/dL,A.①② B.①④ C.②③ D.③④,單選,B. ①④,2,【解答】B 【出處】消化系統 【解析】白蛋白會減少、PT 會延長,113內外科
承上題，關於陳先生的護理措施，下列何者正確？①限制水分與蛋白質的攝取　②每天測量體重與腹圍，記 錄輸出入量　③給與利尿劑後，儘快補充Albumin　④使用Lactulose以減少細菌分解蛋白質所產生大量氨,A.①② B.①④ C.②③ D.③④,單選,A. ①②,2,【解答】A 【出處】消化系統 【解析】肝硬化因為腹水，需限水、測量體重、 記 TO；因為氨昏迷，須限制蛋白質攝取先給予 Albumin 再給利尿劑,113內外科
有關不同部位腸造瘻特性之敘述，下列何者正確？,A.升結腸造瘻的排便沒有規則性 B.迴腸造瘻的大便性狀是半成形狀 C.乙狀結腸造瘻的液體需要量需增加 D.橫結腸造瘻不需要使用人工造口袋,單選,A. 升結腸造瘻的排便沒有規則性,2,【解答】A 【出處】消化系統 【解析】 (B)迴腸造瘻的大便性狀是流質 (C)乙狀結腸造瘻的液體不需要量需增加 (D)橫結腸造瘻需要使用人工造口袋,113內外科
有關膽道疾病的敘述，下列何者錯誤？,A.膽囊炎大部分是結石造成 B.膽道結石男性比女性發生機率高 C.可用meperidine HCL（Demerol®）肌肉注射止痛 D.急性膽囊炎病人會出現右上腹部疼痛,單選,B. 膽道結石男性比女性發生機率高,2,【解答】B 【出處】消化条統公公 【解析】好發於「4F」分別是 Fat 、Forty 、Fertile 和 Female 女性,113內外科
有關預防傾倒症候群（dumping syndrome）的飲食建議，下列何者不適宜？,A.高醣食物 B.適量脂肪 C.高蛋白飲食 D.乾性食物,單選,A. 高醣食物,2,【解答】A 【出處】消化系統 【解析】低醣飲食,113內外科
有關骨折癒合階段照護之敘述，下列何者正確？,A.血腫形成期，應鼓勵病人進行患肢等張運動 B.細胞增生期，應鼓勵病人進行患肢等張運動 C.骨痂形成期，應鼓勵病人補充足夠的營養 D.鞏固化與再塑造期，告知病人骨折癒合不需再運動,單選,C. 骨痂形成期，應鼓勵病人補充足夠的營養,2,【解答】C 【出處】 骨骼系統 【解析】患肢採等長運動,113內外科
有關關節炎的敘述，下列何者正確？,A.骨性關節炎典型的疼痛在活動後加劇，休息後緩減 B.類風濕性關節炎晨間關節僵硬會在不活動後又出現 C.骨性關節炎是慢性、全身性、炎症性關節病變 D.骨性關節炎最先侵犯周邊小關節，包括指、腕、肘、踝、趾,單選,A. 骨性關節炎典型的疼痛在活動後加劇，休息後緩減,2,【解答】A 【出處】骨骼系統 【解析】(B)類風濕性關節炎晨間關節僵硬最明顯 (C)骨性關節炎是屬於退化、非症性關節病變 (D)骨性關節炎最先侵犯負重關節，ex 膝,113內外科
有關下背痛病人使用骨盆牽引治療之敘述，下列何者正確？,A.骨盆牽引是一種骨骼牽引，有助於緩解疼痛 B.牽引時床尾抬高可增加牽引的效果 C.保持臥於床之正中位置，膝、第二腳趾與滑輪在一直線位置 D.牽引使用之拉力可達體重的1/2,單選,B. 牽引時床尾抬高可增加牽引的效果,2,【解答】B 【出處】骨骼系統 四成方 【解析】 (A)骨盆牽引是一種皮膚牽引，有助於緩解疼痛 (C)保持臥於床之正中位置，膝、第二腳趾與滑輪 在一直線位置一是指勃克氏牽引 (D)牽引使用之拉力<體重的 1/3,113內外科
下列何者為白內障最有效的治療方式？,A.手術置換水晶體 B.點散瞳劑 C.眼睛熱敷 D.配戴老花眼鏡,單選,A. 手術置換水晶體,2,【解答】A 【出處】眼耳鼻 【解析】 手術置換水晶體為白內障最有效的治療方式,113內外科
有關鼻竇炎病人的護理指導，下列何者錯誤？,A.鼻竇炎是因鼻竇內黏膜發炎所造成 B.慢性鼻竇炎症狀消退後，即可停用抗生素 C.使用鼻滴劑時，可採用坐姿，頭向後仰 D.使用鼻滴劑時，避免過量，以防引起反彈效果,單選,B. 慢性鼻竇炎症狀消退後，即可停用抗生素,2,【解答】B 【出處】眼耳鼻 【解析】不可自行停抗生素以免產生抗藥性,113內外科
有關心肌炎病人的護理指導，下列何者不適宜？,A.教導阻力運動，提升活動耐力 B.教導服用類固醇藥物，需觀察大便顏色 C.教導減少水分攝取，減少心臟前負荷 D.教導服用毛地黃，需監測脈搏,單選,A. 教導阻力運動，提升活動耐力,2,【解答】A 【出處】心臟系統 【解析】急性期應臥床休息減少心肌耗氧量,113內外科
有關心肌梗塞後性生活的建議事項，下列敘述何者正確？①應該儘量避免以免再次發作　②能量消耗大約與 上下兩層樓相當　③飽餐後或酒後比較適合性行為　④性行為事後應預防性服用NTG　⑤應在熟悉的環境與 伴侶進行以避免過度緊張與刺激　⑥環境的室溫勿太冷或太熱,A.①②③ B.①④⑥ C.②⑤⑥ D.③④⑤,單選,C. ②⑤⑥,2,【解答】C 【出處】心臟系統 【解析】 應事前服用 NTG，並避免在飽餐後或酒後進行,113內外科
下列何者為冠狀動脈性心臟病人服用Aspirin之主要目的？,A.緩解發作時胸痛 B.鬆弛血管平滑肌 C.抑制血小板凝集 D.減緩心跳速率,單選,C. 抑制血小板凝集,2,【解答】C 【出處】心臟系統 【解析】Aspirin 之主要目的為抑制血小板凝集,113內外科
有關心臟節律器之敘述，下列何者正確？,A.裝設心臟節律器術後，出現持續打嗝是正常現象 B.永久性心臟節律器的激搏器在體外，可方便更換電池 C.裝設暫時性心臟節律器，心電圖上不會出現激搏波（pace spike） D.裝設永久性心律調節器後，4～6週內應避免提重物,單選,D. 裝設永久性心律調節器後，4～6週內應避免提重物,2,【解答】D 【出處】心臟系統 【解析】 (A)出現持續打嗝可能導線滑脫 (B)永久性心臟節律器的激搏器在體內 (C)裝設暫時性心臟節律器，心電圖上也會出現  激搏波(pace spike),113內外科
有關下肢深部靜脈栓塞服用Warfarin病人之護理指導，下列何者正確？,A.需監測活化部分凝血酶原時間（APTT） B.可以自行停用藥物 C.避免大量食用深綠色蔬菜 D.建議補充維生素K,單選,C. 避免大量食用深綠色蔬菜,2,【解答】C 【出處】心臟系統 【解析】(A)需監測 PT (B)不可以自行停用藥物 (D)避免維生素K,113內外科
針對接受trastuzumab（Herceptin®）治療的癌症病人之護理，下列何者正確？①靜脈滴注給藥　②空腹口 服給藥　③監測丘疹、手足症候群　④監測心臟功能,A.①③ B.①④ C.②③ D.②④,單選,B. ①④,2,【解答】B 【出處】皮膚系統 【解析】Herceptin 採靜脈滴注給藥、需監測監測 心臟功能,113內外科
有關癌細胞轉移之敘述，下列何者錯誤？,A.轉移是指癌細胞從原發部位擴散至身體其他組織器官 B.惡性肉瘤（sarcoma）常以淋巴轉移方式轉移到其他部位 C.常見轉移方式為淋巴轉移、血流轉移及體腔內播種式生長 D.肺、肝及骨骼為原發性癌症常見轉移部位,單選,B. 惡性肉瘤（sarcoma）常以淋巴轉移方式轉移到其他部位,2,【解答】B 【出處】 【解析】,113內外科
李先生45歲，日前因頸部右側不對稱腫塊到醫院求診，經淋巴切片檢查診斷為何杰金氏症，下列何者不是此 病常見的症狀？,A.淋巴系統發現有腫大、但無壓痛情形 B.皮膚系統發現有搔癢情形 C.腸胃系統有嘔吐、排便習慣改變的情形 D.呼吸系統發現有呼吸困難、咳嗽咳血或胸悶,單選,C. 腸胃系統有嘔吐、排便習慣改變的情形,2,【解答】C 【出處】血液系統 【解析】非何杰金比較容易侵犯腹部淋巴結,113內外科
病人接受doxorubicin（Adriamycin®）注射時，發現點滴不順、針頭附近有微發紅及刺痛情形，下列處置何 者不適當？,A.可能為熱反應，注射後給予0.9% N/S及dexamethasone B.懷疑是藥物外滲時，停止注射以原針頭回抽藥物 C.墊高注射部位且局部避免加壓 D.評估為藥物外滲則可給予溫熱敷,單選,D. 評估為藥物外滲則可給予溫熱敷,2,【解答】D 【出處】癌症 【解析】冷敷,113內外科
王小明，體重50公斤，接受組織配對成功為供髓者，下列護理措施何者正確？,A.骨髓抽取時採半身麻醉 B.骨髓抽取量約100 c.c. C.骨髓抽取後不需平躺 D.骨髓抽出過濾後可立即輸注至受髓者體內,單選,D. 骨髓抽出過濾後可立即輸注至受髓者體內,2,【解答】D 【出處】血液系統 【解析】 (A)骨髓抽取時採全身麻醉 (B)骨髓抽取量約 500~1000 c.c. (C)骨髓抽取後需平躺,113內外科
有關紅血球增多症病人之護理措施，下列何者錯誤？,"A.教導病人深呼吸及有效咳嗽，促進肺部擴張及通氣 B.告知病人儘量臥床休息，避免活動造成出血 C.鼓勵病人增加飲水量，每日至少3,000～4,000 mL D.評估跌倒的危險因子並維護病人安全",單選,B. 告知病人儘量臥床休息，避免活動造成出血,2,【解答】B 【出處】血液系統 【解析】鼓勵保持適當活動,113內外科
葉女士手部遭魚刺刺傷，出現局部發紅、化膿的炎症反應，診斷為蜂窩性組織炎，下列護理措施何者正確？,A.給予周邊靜脈輸液及全身性抗生素連續7～10天 B.依照內科無菌原則施行冷水浸泡以減輕炎症反應 C.教導減少攝取液體以避免患處水腫 D.患肢低於胸部以降低病菌回流至軀幹,單選,A. 給予周邊靜脈輸液及全身性抗生素連續7～10天,2,【解答】A 【出處】急症 加店 【解析】因蜂窩性組織炎多為細菌感染所造成， 給予周邊靜脈輸液及全身性抗生素連續 7~10天,113內外科
有關氣爆引發四度熱燒傷的健康問題，下列何者較不常發生？,A.體溫過低 B.體液容積缺失 C.急性疼痛 D.潛在危險性感染,單選,C. 急性疼痛,2,【解答】C 【出處】皮膚系統 【解析】4 度燒傷，已無痛覺,113內外科
有關疥瘡的治療，下列敘述何者正確？,A.為避免因接觸而傳染給他人，抗疥蟲藥物最好於白天使用 B.成人病人使用crotamiton（Eurax®）滅疥乳膏時，可一日數次塗抹於頭、臉、全身，尤其皮膚皺褶處 C.Benzyl Benzoate（B. B.）塗抹後，待藥液乾後再塗一次，24小時後沖掉，每晚或隔晚使用，共3次 D.γ-benzene hexachloride（Lindane）具有神經毒性，塗抹後8～12小時沖掉，每天使用一次,單選,C. Benzyl Benzoate（,2,【解答】C 【出處】皮膚系統 【解析】藥物於晚間洗澡後使用，塗抹全身自頸 部到腳底，Lindane 一周一次,113內外科
有關鞏皮症臨床表徵之敘述，下列何者錯誤？,A.易有上腹飽脹、上腹或胸骨後的灼痛 B.雷諾氏現象 C.面部表情缺失 D.後續會發展成肝衰竭,單選,D. 後續會發展成肝衰竭,2,【解答】D 【出處】免疫系統 ％仅市 【解析】主要特徵是結締組織過度增生而沈積在 皮膚、血管，造成皮膚緊繃、硬化及血管內壁細 胞異常增生，引發血管疾病,113內外科
有關全身性紅斑性狼瘡（SLE）臨床表徵之敘述，下列何者錯誤？,A.皮膚症狀：蝴蝶斑為主要典型症狀 B.心肺症狀：肺部受侵犯以肺炎最為常見 C.泌尿系統：可能出現蛋白尿、血尿 D.神經系統：出現人格改變或精神疾病,單選,B. 心肺症狀：肺部受侵犯以肺炎最為常見,2,【解答】B 【出處】免疫系統 【解析】心肺症狀以心包炎最常見,113內外科
下列何者是持續換氣不足病人之動脈血液氣體分析最可能出現的結果？,A.呼吸性酸中毒 B.呼吸性鹼中毒 C.代謝性酸中毒 D.代謝性鹼中毒,單選,A. 呼吸性酸中毒,2,【解答】A 【出處】體液電解質 【解析】換氣不足，CO2留置在體內，導致呼吸 性酸中毒,113內外科
周先生為氣喘病人，使用藥物後，出現「心悸、心律不整」的反應，最可能導致此反應的藥物為下列何者？,A.fenoterol（Berotec®） B.ipratropium bromide（Atrovent®） C.budesonide（Duasma®） D.montelukast（Singular®）,單選,A. fenoterol（Berotec®）,2,【解答】A 【出處】呼吸系統 【解析】fenoterol (Berotec®）屬於擬交感神經藥β 2 刺激劑,113內外科
王先生診斷左側肋膜積水準備接受胸腔放液穿刺術，下列何者為其最適當的姿勢體位？,A.床頭搖高30度仰臥 B.坐於床緣，頭和手趴在床旁桌上 C.躺向左側，左手臂上舉過頭 D.左手上舉採俯臥,單選,B. 坐於床緣，頭和手趴在床旁桌上,2,【解答】B 【出處】 呼吸系統 【解析】(A)(C)(D)如果是臥床病人，應採右側臥,113內外科
有關肺炎鏈球菌肺炎病人之臨床表徵，下列敘述何者最不適當？,A.痰液量增加 B.胸部X光出現肺浸潤 C.白血球上升 D.呼吸離軌度增加,單選,D. 呼吸離軌度增加,2,【解答】D 【出處】呼吸系統 【解析】 肺炎病人肺擴張程度減少，呼吸離軌度減少,113內外科
有關慢性阻塞性肺疾病（COPD）病人飲食指導之敘述，下列何者較適當？①進食時可將氧氣面罩更換為氧氣 套管　②選擇易咀嚼食物　③增加碳水化合物　④減少水分的攝取,A.①② B.①③ C.②④ D.③④,單選,A. ①②,2,【解答】A 【出處】呼吸系統 【解析】COPD 病人應減少攝取碳水化合物，並 增加水分攝取,113內外科
有關腎臟移植過程之敘述，下列何者錯誤？,A.病人術前需再進行血液透析移除體液與毒素 B.交叉試驗陰性才可以進行腎臟移植 C.移植腎多是植入於下腹部腔膜外的腸骨窩處 D.必須先移除原來腎臟再將新的腎臟做尿道接合,單選,D. 必須先移除原來腎臟再將新的腎臟做尿道接合,2,【解答】D 【出處】泌尿系統 【解析】腎臟移植，原腎臟不需要摘除,113內外科
下列那些檢查前需要確認病人腎功能？①腎動脈攝影術　②腎臟、輸尿管、膀胱X光檢查　③腎臟超音波 ④逆行性腎盂攝影術　⑤靜脈注射腎盂攝影術,A.①② B.①⑤ C.②③ D.④⑤,單選,B. ①⑤,2,【解答】B 【出處】泌尿系統 【解析】腎動脈攝影術、靜脈注射腎盂攝影術需 注射顯影劑，需先評估腎功能,113內外科
有關透析治療比較之敘述，下列何者正確？,A.血液透析的飲食限制，較腹膜透析嚴格 B.血液透析的蛋白質流失量，較腹膜透析多 C.血液透析發生高血脂比例，較腹膜透析高 D.血液透析對於心血管負荷，較腹膜透析少,單選,A. 血液透析的飲食限制，較腹膜透析嚴格,2,【解答】A 【出處】泌尿系統 【解析】 (B)腹膜透析的蛋白質流失量較多 (C)腹膜透析發生高血脂比例較高 (D)血液透析對於心血管負荷較多,113內外科
韓小姐的動脈血液氣體分析結果為pH 7.44、PaCO2 30 mmHg、HCO3 - 20 mmHg、PaO2 82 mmHg，根據以上數 值，判讀結果下列何者正確？,A.部分代償性呼吸性酸中毒 B.未代償性代謝性酸中毒 C.未代償性代謝性鹼中毒 D.完全代償性呼吸性鹼中毒,單選,D. 完全代償性呼吸性鹼中毒,2,【解答】D 【出處】 體液電解質 【解析】pH 7.44→正常值偏鹼（已完全代價）、 PaC02 30 mmHg→偏鹼（呼吸性）,113內外科
有關良性前列腺肥大（BPH）之敘述，下列何者錯誤？,A.是男性常見的老年疾病，是前列腺體的細胞本身肥大所致 B.尿路動力學檢查時發現病人的最大尿流速會減低 C.病人常主訴頻尿或餘尿感（解不乾淨） D.肛門觸診可以評估前列腺肥大的程度,單選,A. 是男性常見的老年疾病，是前列腺體的細胞本身肥大所致,2,【解答】A 【出處】泌尿系統 【解析】(A)是男性常見的老年族病，是前列腺 的細胞「數量增加」所致,113內外科
有關原發性醛固酮過多症之護理措施，下列何者錯誤？,A.需觀察病人有無肌肉軟弱無力、疲倦、麻痹、心律不整等臨床表徵 B.需觀察病人有無強直性痙攣和呼吸抑制情形 C.教導病人飲食中應多補充高鈉食物，例如火腿、香腸、起司等 D.需注意病人血壓的變化，有無血壓過高情形,單選,C. 教導病人飲食中應多補充高鈉食物，例如火腿、香腸、起司等,2,【解答】C 【出處】內分泌【解析】(C)教導病人飲食中應多採低鈉飲食，因 病人會有高血鈉情況,113內外科
有關抗利尿激素分泌不當症候群（SIADH）病人的臨床照護，下列何者錯誤？,"A.依醫囑補充3%生理食鹽水的靜脈輸液及注射furosemide（Lasix®） B.鼓勵病人多攝取低纖食物 C.監測有無出現肌肉抽搐與昏迷的徵象 D.依醫囑限制水分攝取每日在1,000 c.c.以下",單選,B. 鼓勵病人多攝取低纖食物,2,【解答】B 【出處】內分泌 【解析】鼓勵病人多攝取高纖食物，預防便祕,113內外科
有關雙胍類降血糖藥物metformin（Glucophage®）之敘述，下列何者錯誤？,A.減少肝臟葡萄糖的輸出，以降低空腹血糖 B.最好與食物一起服用，或飯後馬上服用 C.易出現胃腸道刺激及引發維生素B6缺乏 D.腎功能不良的病人需要小心使用,單選,C. 易出現胃腸道刺激及引發維生素B6缺乏,2,【解答】C 【出處】內分泌 【解析】維生素 B12 缺乏,113內外科
張太太，罹患糖尿病2年，平日使用口服抗血糖藥物控制血糖，今日在家昏倒被送至急診，醫師初步診斷為 高滲透壓高血糖狀態（HHS），病人會呈現的徵象，下列何者正確？①呼吸速率26次／分　②血壓166/84 mmHg　③尿酮呈陽性反應，明顯升高　④血糖為750 mg/dL。,A.①② B.①④ C.②③ D.③④,單選,B. ①④,2,【解答】B 【出處】內分泌 【解析】高滲透壓高血糖狀態（HHS）症狀以脫 水為主：TPR↑、高血糖,113內外科
有關甲狀腺機能亢進病人服用飽和碘化鉀溶液之敘述，下列何者正確？,A.絕不可與牛奶一起服用 B.主要功能是抑制T4轉變為T3 C.可以降低甲狀腺素的釋放及合成 D.要長期服用超過一個月才能評估臨床效果,單選,C. 可以降低甲狀腺素的釋放及合成,2,【解答】C 【出處】內分泌 【解析】（A）可與牛奶一起服用 (B)抑制甲狀腺素合成與T4分泌 (D)不可使用超過兩周,113內外科
有關休克病人體溫下降之護理措施，下列何者正確？,A.當身體顫抖產熱及代謝增加，應調低室溫以減少發燒程度 B.靜脈注射的液體或血液，應加溫至接近正常體溫 C.使用熱水袋或電毯包裹四肢 D.給予熱水浴，以增加病人舒適感,單選,B. 靜脈注射的液體或血液，應加溫至接近正常體溫,2,【解答】B 【出處】急症 【解析】維持體溫於正常範圍,113內外科
有關食物中毒之敘述，下列何者正確？,A.河豚中毒主要是處理河豚過程被細菌污染造成 B.金黃色葡萄球菌中毒症狀主要是視力模糊、吞嚥困難 C.沙門氏桿菌中毒症狀主要是腹瀉、噁心、嘔吐及發燒 D.食物中毒之嚴重度與食入污染物的量與內毒素含量呈負相關,單選,C. 沙門氏桿菌中毒症狀主要是腹瀉、噁心、嘔吐及發燒,2,【解答】C 【出處】急症 【解析】 (A)河豚中毒主要是食用有毒河豚造成 (B)金黃色葡萄球菌中毒症狀主要有噁心、嘔吐、 腹瀉等 (D)食物中毒之嚴重度與食入污染物的量與內毒 素含量呈正相關,113內外科
有關自動體外電擊去顫器（AED）操作，下列敘述何者錯誤？,A.可由非醫護人員操作使用 B.若病人體內裝有人工心臟節律器就不能使用AED C.操作步驟口訣：開、貼、插、按 D.按電擊鈕前先清場，確認無人接觸病人,單選,B. 若病人體內裝有人工心臟節律器就不能使用AED,2,【解答】B 【出處】急症 【解析】體內裝有人工心臟節律器可以使用 AED ，貼片避開即可,113內外科
有關漢生病（Hansen’s disease）俗稱痲瘋（leprosy）的照護措施，下列何者正確？,A.最常侵犯腸胃系統，應加強評估消化功能與營養狀態 B.照護時採接觸及呼吸道隔離 C.目前無治療藥物，採支持療法 D.皮膚病變僅出現在臉部,單選,B. 照護時採接觸及呼吸道隔離,2,【解答】B 【出處】【解析】 (A)(D)漢生病主要侵犯人體的皮膚、粘膜及周圍 的神經，會造成感染部位麻木、喪失肌肉控制 力與殘障 (B)感染罹病初期及早接受藥物治療，可完全痊且不會留下後遺症,113內外科
有關孕產婦死亡率之敘述，下列何者正確？,A.係指一年內每十萬名活產中，於懷孕期間或懷孕終止42天內之婦女死亡數 B.係指一年內每十萬名活產中，於第三妊娠期或懷孕終止7天內之婦女死亡數 C.係指一年內每十萬名活產中，於第三妊娠期或懷孕終止30天內之婦女死亡數 D.係指一年內每十萬名活產中，於懷孕期間或懷孕終止24小時內之婦女死亡數,單選,A. 係指一年內每十萬名活產中，於懷孕期間或懷孕終止42天內之婦女死亡數,2,【解答】A 【出處】懷孕與胎兒發育 【解析】此題已經連續出現多次，若你還沒有背 熟就太可惜了，平白讓分數溜走了。,113產兒科
有關妊娠期血液檢查之敘述，下列何者正確？,A.首次產檢需要篩檢人類免疫缺乏病毒 B.第一妊娠期進行母體血液葡萄糖耐受篩檢 C.第二妊娠期進行B群鏈球菌篩檢 D.第三妊娠期進行德國麻疹抗體濃度價數篩檢,單選,A. 首次產檢需要篩檢人類免疫缺乏病毒,2,【解答】A 【出處】懷孕的評估與護理 【解析】第二妊娠期行母體血液葡萄糖耐受篩檢； 第三妊娠期行B群鏈球菌篩檢;第一妊娠期行德國 麻疹抗體濃度價數篩檢。,113產兒科
王先生將成為準父親，有關王先生於配偶孕期之心理變化，下列何者最適當？,A.第一孕期最常出現害怕生產的壓力 B.第二孕期最擔憂是否能勝任成為父親的角色 C.第一孕期常因胎動而感覺與胎兒連成一體 D.第二孕期常會想像胎兒模樣及身為父親的形象,單選,D. 第二孕期常會想像胎兒模樣及身為父親的形象,2,【解答】D 【出處】孕期心理社會適應 【解析】準父親在第一孕期最擔憂是否能勝任成 為父親的角色，第二孕期因胎動而感覺與胎兒連 成一體，常會想像胎兒模樣及身為父親的形象， 第三孕期最常出現害怕生產的壓力。,113產兒科
王女士，32歲，妊娠8週，前一胎因21對染色體異常引產，詢問此次有關唐氏症篩檢之敘述，下列何者最合 適？,A.建議妊娠16～18週之間，可以接受絨毛膜穿刺，確定胎兒染色體是否正常 B.建議妊娠11～12週之間，可以接受羊膜腔穿刺，確定胎兒染色體是否正常 C.建議妊娠21～24週之間，可以進行母血唐氏症篩檢，確定胎兒染色體是否正常 D.建議妊娠15～20週之間，可以接受頸部透明帶的檢測，確定胎兒染色體是否正常,單選,D. 建議妊娠15～20週之間，可以接受頸部透明帶的檢測，確定胎兒染色體是否正常,2,【解答】原D釋疑為給分 【出處】胎兒診斷與監測 【解析】於妊娠 9～12 週行絨毛膜穿刺，或 16~ 18 週之間行羊膜腔穿刺，才能確定診斷唐氏症。 母血籂檢與頸部透明帶檢測只是篩檢，不能確言 診斷唐氏症。,113產兒科
有關妊娠期的心臟血管系統生理變化，下列敘述何者錯誤？,"A.出現生理性白血球增多症，白血球數量可增加到15,000/mm3 B.妊娠生理性貧血是因紅血球攜鐵蛋白的能力降低所致 C.心輸出量增加30～50%，以供應子宮、胎盤需要血流 D.血漿中白蛋白降低，使得水分易滯留在血管間隙形成水腫",單選,B. 妊娠生理性貧血是因紅血球攜鐵蛋白的能力降低所致,2,【解答】B 【出處】孕期的生理變化 【解析】妊娠生理性貧血是妊娠中血漿量增加幅 度比紅血球量多，因而造成血液稀釋結果。,113產兒科
有關孕期的營養需求，下列敘述何者錯誤？,A.於第三孕期多補充鐵劑 B.整個孕期應多補充碘 C.磷可參與早期的細胞分裂過程 D.鈣質提供胎兒骨骼和牙齒的生長發育,單選,C. 磷可參與早期的細胞分裂過程,2,【解答】C 【出處】懷孕的評估與護理 【解析】孕期所補充的葉酸，具有幫助細胞合成、 分裂、生長的功能，參與合成 DNA 及RNA 的過 程。,113產兒科
葉女士，28歲，G1P0，待產過程中突然自然破水，內診發現子宮頸口開8公分、變薄程度80%、先露部位+1。下 列何者為最優先之護理處置？,A.提供灌腸 B.監測胎心率變化 C.提供氧氣 D.採平躺增加子宮血流,單選,B. 監測胎心率變化,2,【解答】B 【出處】生產過程之護理 咖X5 【解析】突然破水後應立即監測胎心率變化，檢 查是否引發臍帶脫垂。,113產兒科
陰道生產過程，下列何種情形表示先露部位胎頭已發生著冠（crowning）？,A.當子宮收縮時，胎頭顱頂上出現一圈可見的壓痕 B.當子宮收縮時，胎頭出現於陰道口，宮縮間歇時，胎頭縮回陰道內 C.當子宮收縮時，陰道口膨出可見胎頭，大小呈卵圓形 D.當宮縮間歇時，胎頭出現於陰道口且不會縮回陰道內,單選,D. 當宮縮間歇時，胎頭出現於陰道口且不會縮回陰道內,2,【解答】B 【出處】生產過程 【解析】著冠（crowning）為宮縮時先露部在陰 道口，子宫鬆弛不再退回，表胎頭最大横徑(BPD) 已到達母親的陰道口。,113產兒科
有關分娩期預防產後出血的措施，下列何者不適當？,A.待產婦在進入第二產程前，開始持續靜脈注射methylergometrine（Methergin） B.胎盤娩出後，檢查胎盤以確認胎盤完整娩出 C.在新生兒及產婦狀況穩定下，協助親子立即肌膚接觸 D.產後於恢復室觀察，每15分鐘監測產婦的血壓及出血量,單選,A. 待產婦在進入第二產程前，開始持續靜脈注射methylergometrine（Methergin）,2,【解答】A [出處】生產遇程之護理中公公 【解析】methylergometrine ( Methergin) 禁忌於胎 盤/胎兒娩出前使用,113產兒科
胎兒為頭產式，胎頭呈部分屈曲，其最可能以下列那條徑線通過產道？,A.枕下前囟徑（SOB） B.枕額徑（OF） C.枕頦徑（OM） D.頦下前囟徑（SMB）,單選,B. 枕額徑（OF）,2,【解答】B 【出處】生產過程 【解析】胎兒為頭產式時，胎頭完全屈曲，會以 枕下前囟徑（SOB）進入產道；胎頭半仰伸(作戰 姿勢)會以枕頦徑（OM）進入產道;胎頭若完全仰 伸則會以枕頦徑（OM） 進入產道。,113產兒科
劉女士，G1P0，子宮頸開4公分，每3分鐘宮縮一次，無胎頭骨盆不對稱（CPD），使用硬脊膜外麻醉，持續2 小時都未見胎頭下降，此時最優先之處置為何？,A.評估膀胱的情形 B.評估胎頭大小 C.給與ritodrine點滴注射，促進子宮收縮 D.評估羊水量,單選,A. 評估膀胱的情形,2,【解答】A 【出處】生產過程 【解析】漲大的膀胱會妨礙胎頭下降。,113產兒科
王女士，初產婦，陰道生產，採純母乳哺育，產後6週重返職場的一週後，主訴發燒38℃，右側乳房情況如 圖所示，觸診溫熱且有痛感。最可能的診斷是？,A.因為剛剛返回工作狀態，所以最可能是壓力性乳腺管阻塞（blocked ducts） B.因為幾乎整個乳房大面積發紅，所以最可能是乳房腫脹（engorgement） C.因為乳頭可見傷口，所以最可能是乳腺炎（mastitis） D.因為乳房3、4點鐘方向有水囊狀感，所以最可能是乳房膿瘍（breast abscess）,單選,C. 因為乳頭可見傷口，所以最可能是乳腺炎（mastitis）,2,【解答】C 【出處】產後合併症及其護理 【解析】乳房腫脹(engorgement）與乳腺管阻塞 通常發生在哺乳期剛開始的三到五天呈雙側。乳 房膿瘍(breast abscess）則會出現的是界線清楚的 厚硬腫塊，非水襄狀物。,113產兒科
"蔡女士，初產婦，因產程遲滯而行剖腹生產，新生兒出生體重3,800公克。產婦計畫要完全哺餵母乳，擔心 自己奶水不足，因為從生產至今已兩天，都沒有脹奶的感覺，而且新生兒幾乎是含著乳房入睡，放下來就 哭。有關蔡女士對奶量的擔心，下列措施何者不適當？",A.評估新生兒兩天的排尿及排便情況 B.告訴產婦產程過長及剖腹生產都會延後脹奶出現的時間，這是正常的 C.肯定產婦完全母乳哺育的決定，了解這兩天新生兒吃奶及含乳的情況 D.了解產婦執行手擠乳的情況，討論增加手擠奶頻率的可行性,單選,B. 告訴產婦產程過長及剖腹生產都會延後脹奶出現的時間，這是正常的,2,【解答】B 【出處】母乳哺育 【解析】因生產因難、生產時間過久或難以分娩 出胎兒時，會增加壓力賀爾蒙「皮質醇」分泌造 成母奶延遲。,113產兒科
何女士，G1P1，採陰道分娩，無任何產後合併症，產後4小時，觸診子宮底時發現位於臍上一指且偏右，下列 何者為首要的護理措施？,A.子宮按摩 B.下床活動 C.多喝開水 D.如廁解尿,單選,D. 如廁解尿,2,【解答】D 【出處】產後期生心理調適 健叉克 【解析】漲大的膀胱會佔據子宮位於中央的位置 而使之偏右，也會造成子宮收縮不良、子宮體偏 大、宮底偏高。,113產兒科
有關產後婦女之情緒照顧，下列護理指導何者不適當？,A.初產婦出現哭泣不安及缺乏育兒信心為產後憂鬱症，應儘速就醫 B.在接受期（taking-in phase），鼓勵產婦陳述生產經驗，接受其感受，必要時可澄清其疑慮 C.在緊執期（taking-hold phase），鼓勵參與及學習新生兒照護 D.產婦即使進入放手期（letting-go phase），仍可能有不自覺的哀傷情緒,單選,A. 初產婦出現哭泣不安及缺乏育兒信心為產後憂鬱症，應儘速就醫,2,【解答】A 【出處】產後期生心理調適 【解析】產婦產後出現哭泣不安及缺乏育兒信心 是常見的一種短暫情緒低落，稱為產後沮喪症。 給予心理、社會支，持鼓勵表達情緒即可。,113產兒科
婦女產後痛（after pain）主要是評估下列那一個器官或組織之健康問題？,A.乳房、乳頭疼痛 B.會陰、會陰傷口疼痛 C.子宮、子宮間歇性收縮不適感 D.肛門、痔瘡痛,單選,C. 子宮、子宮間歇性收縮不適感,2,【解答】C 【出處】產後期生心理調適 【解析】產後痛是產後子宮收縮引起間歇性痙攣 性疼痛，於產後持續2、3天。,113產兒科
抱起新生兒放入磅秤測量體重，新生兒四肢出現對稱性的外展和伸直，大拇指與食指呈C字形，是下列那種 反射表現？,A.擁抱反射（moro reflex） B.驚嚇反射（startle reflex） C.手掌抓握反射（palmer grasp reflex） D.退縮反射（withdrawal reflex）,單選,A. 擁抱反射（moro reflex）,2,【解答】A 【出處】新生兒 【解析】當突然姿勢改變或出現大的聲響新生兒 會雙臂外展，手指伸開，四肢屈曲內收呈擁抱狀 稱為擁抱反射(moro reflex)，有時伴有啼哭。,113產兒科
方小妹，39週頭產式出生，下列何者新生兒身體評估結果為異常發現？,A.胎頭變形（molding） B.結膜下點狀出血 C.硬腭小白點（艾柏斯坦小珠Epstein's pearls） D.耳朵上緣位於內外眼眥連線以下,單選,D. 耳朵上緣位於內外眼眥連線以下,2,【解答】D 【出處】新生兒 【解析】耳朵上綠位於內外眼眥連線以下為低位 耳，常與許多先天遺傳性族病相關，常伴隨著發 育遲緩。,113產兒科
下列何者為評估男性新生兒皮膚飽和度的最佳部位？,A.陰囊 B.四肢末端 C.眼瞼 D.腹部,單選,D. 腹部,2,【解答】D 【出處】新生兒 【解析】新生兒在出生兩周內於身體的耳後、四 肢，會陸續出現脫皮的現象，故要觀察皮膚飽和 度的最佳部位為常有衣物覆蓋的腹部。,113產兒科
王女士，G1P0，妊娠38週，因早期破水入院待產，待產時宮縮頻率及強度均不好，破水30小時後新生兒才娩 出。產後第2天出現下列症狀：體溫38.5～39.5℃、惡露呈紅色有惡臭味、子宮底高度臍平、子宮軟、有頭 痛及失眠、下腹部壓痛但無反彈性壓痛。上述王女士的身體狀況，其臨床症狀敘述下列何者正確？,A.會陰傷口感染 B.子宮內膜炎 C.腹膜炎 D.泌尿道感染,單選,B. 子宮內膜炎,2,【解答】B 【出處】產後合併症及其護理 【解析】子宮內膜炎(Endometritis) 為產後第 48～72 小時發燒最常見原因。,113產兒科
接受子宮頸環紮術（cervical cerclage）之孕婦狀況，下列何者最適合？,A.上一胎足月產但此胎妊娠16週，子宮頸口擴張4公分 B.前兩次均在妊娠21週時無痛性流產，此胎在16週子宮頸長度3.3公分 C.妊娠18週有破水且有規則宮縮痛，內診發現子宮頸口擴張2公分 D.前胎31週早產，此胎在28週例行性超音波發現子宮頸長度1公分,單選,B. 前兩次均在妊娠21週時無痛性流產，此胎在16週子宮頸長度3.3公分,2,【解答】B 【出處】高危險妊娠及其護理 【解析】子宮頸環紮術(cervical cerclage) 施行於 懷孕14~18 週為避免孕婦因「子宮頸閉鎖不全」 導致流產或早產。正常子宮頸長度約3-4 公分， 若子宮頸長度短於2.5公分，為早產的高風險。,113產兒科
有關妊娠糖尿病之敘述，下列何者正確？,A.妊娠初期胎盤分泌人類胎盤泌乳激素（hPL）增加，產生胰島素拮抗 B.容易導致流產及羊水過多 C.與糖尿病遺傳史無關 D.口服降血糖藥為主要治療方式,單選,B. 容易導致流產及羊水過多,2,【解答】B 【出處】高危險妊娠及其護理 【解析】妊娠中期胎盤成熟，分泌人類胎盤泌乳 激素（hPL）增加，才會產生明顯胰島素拮抗作用。 第二型糖尿病有明顯家族遺傳史。口服降血糖藥 會通過胎盤，有潛在風險。飲食控制及注射胰島 素為妊娠糖尿病主要的治療方式。,113產兒科
李女士以oxytocin 進行引產，胎心音出現變異性減速，下列處置何者最適當？,A.提高oxytocin滴速 B.降低oxytocin滴速 C.維持原來oxytocin滴速 D.停止oxytocin的滴注,單選,D. 停止oxytocin的滴注,2,【解答】D 【出處】產中合併症及其護理 【解析】變異性減速可能與臍带受壓迫有關，可 以改變母親姿勢，給予氧氣，增加靜脈輸液、並 停止 oxytocin 的滴注處理。,113產兒科
有關逆行性射精之敘述，下列何者錯誤？,A.常見於脊髓損傷或糖尿病合併神經病變之患者 B.可能為腹腔或骨盆腔手術後之併發症 C.流至尿道的精液逆流至膀胱 D.接受精子捐贈進行人工授精為唯一的治療方式,單選,D. 接受精子捐贈進行人工授精為唯一的治療方式,2,【解答】D 【出處】不孕症之護理 【解析】逆行性射精的患者可在性交後的膀胱尿 液中找出可用的精蟲行人工授精或顯微注射術的 試管嬰兒(ICSI-IVF)。,113產兒科
王女士罹患梅毒，王女士表示先生如果知道了，他會失去先生，不停掩面哭泣，下列護理措施何者最適當？,A.告知王女士切勿隱瞞，因先生可能已感染，請他立即連絡先生到院檢查 B.衛教將以抗生素進行治療，立即協助施打cefazolin C.告知王女士哭泣無法解決問題，請王女士堅強面對 D.傾聽王女士的不安與擔憂，鼓勵其與先生共同面對，接受治療,單選,D. 傾聽王女士的不安與擔憂，鼓勵其與先生共同面對，接受治療,2,【解答】D 【出處】高危險妊娠及其護理 【解析】懷孕期問治療梅毒使用的抗生素為 Penicillin,113產兒科
小花因誤食鐵劑而送醫治療，指導小花媽媽之護理措施，下列敘述何者最適當？,A.鐵劑通常不會沉積在肝臟或造成肝損傷 B.一週後應注意腸胃不適或出血的症狀 C.使用活性碳可以幫助鐵劑的吸附 D.注射去鐵質劑，尿液會呈深褐／紅橙色,單選,D. 注射去鐵質劑，尿液會呈深褐／紅橙色,2,【解答】D 【出處】事故傷害與其他系統疾病 【解析】鋨劑會造成肝臟的損害，甚至腸胃出血 穿孔，使用解毒劑 deferoxamine 尿液會呈現深褐 色或玫瑰色。,113產兒科
小明，16歲，高中一年級，在校成績低落、情緒不穩、易怒、缺課，曾表明想從世界消失。就醫後診斷為青 少年憂鬱症。媽媽詢問護理師如何幫助小明時，下列敘述何者錯誤？,A.讓小明知道自己生病了，需要治療 B.多安排小明的戶外運動 C.告知小明不要胡思亂想，應致力於課業成就 D.多陪伴小明，避免小明獨處,單選,C. 告知小明不要胡思亂想，應致力於課業成就,2,【解答】C 【出處】兒童及青少年心理社會健康 【解析】讓患者知道自己有憂鬱症，鼓勵放鬆， 安排活動，陪伴減少獨處防止自殺！ 不要強調讀書，一些重大事件可以延後做決定， 例如：升學、轉學。,113產兒科
有關滿15個月大幼兒之動作發展，下列敘述何者正確？,A.能正確指出身體的一部分 B.能重疊6塊積木 C.不需扶持可獨自行走 D.會自己洗手並擦乾,單選,C. 不需扶持可獨自行走,2,【解答】C 【出處】正常兒童之生長發展與健康照護 【解析】15個月大幼兒 90%不需扶持可獨立行走。,113產兒科
君君，4歲，入院接受靜脈注射和腹部手術，住院期間護理師和君君說話的內容，下列敘述何者最不適當？,A.跟你的玩偶說你覺得害怕的事 B.打針時跟護理師一起慢慢吸氣吐氣 C.切開你的肚子才能把蟲拿出來 D.你按著拔針的地方才不會流血,單選,C. 切開你的肚子才能把蟲拿出來,2,【解答】C 【出處】住院兒童之護理 【解析】治療性遊戲不要出現傷害性語詞， 例如：切開、開刀。,113產兒科
護理師給與2歲小廷耳滴藥的照護措施，下列敘述何者錯誤？,A.協助病童躺向健側半側臥 B.將耳朵往下往後輕拉，使耳道變直 C.將耳藥直接滴於鼓膜上 D.滴藥後以手指按摩耳部促進藥物吸收,單選,C. 將耳藥直接滴於鼓膜上,2,【解答】C 【出處】住院兒童之護理 【解析】耳藥滴於外耳道，而自行流入耳膜。,113產兒科
當嬰幼兒初次接觸陌生人或新環境，會表現出接受或退縮的態度。此為氣質評估內容中那一個項目？,A.反應閾 B.適應度 C.趨避性 D.堅持度,單選,C. 趨避性,2,【解答】C 【出處】正常兒童之生長發展與健康照護 【解析】趨避性：對於新刺激的最初反應性質 分為趨性及避性。,113產兒科
小亮，出生後診斷為腭裂（cleft palate），1歲時入院行腭裂修補術，有關術後約束之護理措施，下列敘 述何者正確？,A.木乃伊約束法 B.手臂約束法 C.手肘約束法 D.背心式約束法,單選,C. 手肘約束法,2,【解答】C 【出處】高危險性新生兒之護理 【解析】唇顎裂最常見用手肘約束法來約束雙手,113產兒科
有關早產兒發展性照護的敘述，下列何者正確？,A.提供父母與早產兒皮膚對皮膚的袋鼠式護理 B.執行治療時，固定早產兒雙臂與腿呈伸展姿勢的寧握護理 C.採分散護理，以避免早產兒生命徵象不穩定 D.保持環境明亮，早產兒戴上遮光眼罩以促進視覺發展,單選,A. 提供父母與早產兒皮膚對皮膚的袋鼠式護理,2,【解答】A 【出處】高危險性新生兒之護理 【解析】寧握護理身體呈屈曲姿勢，採集中護理， 燈光柔和。,113產兒科
小紅，12歲，罹患急性骨髓性白血病，治療後復發，目前處於疾病末期，她向父母發脾氣說：「為什麼生病 的人是我，都是你們沒有把我照顧好！」，下列照護措施何者最適合？,A.仔細傾聽其話語，鼓勵小紅表達內心的需要 B.鼓勵接受目前的治療措施，降低治療造成的疼痛 C.鼓勵與同儕聯繫，讓其有歸屬感，並轉移焦點 D.說明父母與醫療團隊已經盡最大努力協助治療,單選,A. 仔細傾聽其話語，鼓勵小紅表達內心的需要,2,【解答】A 【出處】慢性病兒童及其家庭之護理 【解析】傾聽是很棒的護理措施，這題應該能夠 拿分的，,113產兒科
"小敏妊娠週數26週出生，醫師診斷為壞死性腸炎（necrotizing enterocolitis, NEC），有關其護理照護及 處置之敘述，下列何者最不適當？",A.為防止腸道受損，應避免測量肛溫 B.初期觀察小敏是否會出現活動力下降、體溫不穩及呼吸窘迫等症狀 C.立即禁食，給與全靜脈營養 D.護理評估發現腸蠕動減慢，嘔吐物不含膽汁,單選,D. 護理評估發現腸蠕動減慢，嘔吐物不含膽汁,2,【解答】D 【出處】高危險性新生兒之護理 【解析】壞死性腸炎，嘔吐物含膽汁。,113產兒科
有關預防造成新生兒猝死之睡眠環境的護理指導，下列敘述何者正確？,A.母親與嬰兒同床以方便母乳哺餵 B.嬰兒應該仰睡且以枕頭抬高頭部 C.嬰兒的枕頭旁擺放絨毛玩具以增加安全感 D.嬰兒應該避免穿過多衣服或用衣物包覆頭部,單選,D. 嬰兒應該避免穿過多衣服或用衣物包覆頭部,2,【解答】D 【出處】兒童及青少年心理社會健康 【解析】不建議母親與嬰兒同床，也不建議使用 絨毛玩具。,113產兒科
有關腮腺炎（mumps）最常見的合併症，下列敘述何者正確？,A.無菌性腦膜炎 B.肺炎 C.熱性痙攣 D.續發性皮膚感染,單選,A. 無菌性腦膜炎,2,【解答】A 【出處】兒童傳染性痪病與護理 【解析】合併症：無菌性腦膜炎、睪丸炎、胰臟 炎、神經性耳辈。以無菌性腦膜炎最常見。,113產兒科
陳小弟，5歲，罹患扁桃腺炎（tonsillitis），接受扁桃腺切除手術（tonsillectomy），下列術後護理何 者正確？,A.預防肺擴張不全，鼓勵深呼吸、用力咳嗽 B.注意觀察是否有吞嚥或清喉嚨次數增加 C.局部熱敷或提供熱食，促進傷口血液循環 D.提供含維生素C飲料（如檸檬汁），促進傷口癒合,單選,B. 注意觀察是否有吞嚥或清喉嚨次數增加,2,【解答】B 【出處】呼吸系統族病及護理 【解析】盡量不要用力咳嗽、清喉嚨、擤鼻涕會 造成出血。建議冰敷，避免喝檸檬汁或紅色褐色 飲料。,113產兒科
有關嬰幼兒呼吸道特性的敘述，下列何者錯誤?,A.耳咽管較短且水平，較易受感染 B.舌頭在口腔的比例較大，感染後易出現阻塞 C.嬰兒喉頭在頸部較高處，較易出現吸入性肺炎 D.嬰幼兒胸腔順應性較成人低,單選,D. 嬰幼兒胸腔順應性較成人低,2,【解答】D 【出處】呼吸系統疾病及護理 【解析】婴兒有利於呼吸的構造是肋骨架柔軟有 彈性，即順從性高。,113產兒科
有關川崎氏症病童的治療及其目的，下列敘述何者正確？,A.給與阿斯匹靈（aspirin），以促進血小板凝集 B.給與免疫球蛋白（IVIG）可有效降低冠狀動脈瘤發生 C.給與苯巴比特魯錠（phenobarbital）治療舞蹈症 D.給與盤尼西林（penicillin）以預防發炎,單選,B. 給與免疫球蛋白（IVIG）可有效降低冠狀動脈瘤發生,2,【解答】B 【出處】循環系統疾病及護理 【解析】川崎氏症給予 aspirin 以抗發炎與抑制血 小板凝集。,113產兒科
有關嬰幼兒缺鐵性貧血（iron deficiency anemia）之敘述，下列何者正確？,A.屬體染色體隱性遺傳疾病 B.常發生於6～24個月大的足月兒 C.紅血球體積比正常紅血球大 D.長期貧血可能導致心跳過慢之代償反應,單選,B. 常發生於6～24個月大的足月兒,2,【解答】B 【出處】血液系統族病患童之護理 【解析】缺鐵性貧血是營養的問題，食物中缺少 鐵質所導致。紅血球體積變小且蒼白，代償反應 心跳會變快。,113產兒科
小華，6個月，罹患兒童癌症，目前接受化學治療且須治療半年以上，則小華可以接種下列何種疫苗？,A.四合一疫苗（Tdap-IPV） B.水痘疫苗 C.輪狀病毒疫苗 D.麻疹腮腺炎德國麻疹混合疫苗,單選,A. 四合一疫苗（Tdap-IPV）,2,【解答】A 【出處】神經與骨骼系統疾病與護理 【解析】癌症患者避免施打活性疫苗。 水痘疫苗、輪狀病毒疫苗丶麻疹腮腺炎徳國麻疹 混合疫苗都是活性疫苗，故不可施打,113產兒科
小萍診斷為先天性甲狀腺功能低下症，有關血液檢驗值之敘述，下列何者正確？,A.甲狀腺素T4高於正常值、甲狀腺刺激素TSH高於正常值 B.甲狀腺素T4高於正常值、甲狀腺刺激素TSH低於正常值 C.甲狀腺素T4低於正常值、甲狀腺刺激素TSH低於正常值 D.甲狀腺素T4低於正常值、甲狀腺刺激素TSH高於正常值,單選,D. 甲狀腺素T4低於正常值、甲狀腺刺激素TSH高於正常值,2,【解答】D 【出處】內分泌與代謝功能異常兒童之護理 【解析】甲狀腺功能低下症，甲狀腺素T4 低於正 常值，甲狀腺刺激素 TSH 高於正常值。 請熟記。,113產兒科
有關性早熟（precocious puberty）的敘述，下列何者正確？,A.男孩在12歲以前、女孩在11歲以前出現第二性徵，即為性早熟 B.血清中的LH、FSH、estrogen、testosterone皆正常 C.中樞性性早熟可給與leuprolide acetate，以抑制促性腺激素釋放荷爾蒙（GnRH）的分泌 D.可以腹部斷層掃描確認是否有中樞性性早熟,單選,C. 中樞性性早熟可給與leuprolide acetate，以抑制促性腺激素釋放荷爾蒙（GnRH）的分泌,2,【解答】C 【出處】內分泌與代謝功能異常兒童之護王 【解析】男孩出現在九歲以前，女孩出現在八歲 以前，稱為性早熟。血清中 LH、FS、estrogen、 testosterone 皆升高。可以腦部掃描確認是否有中 樞神經性性早熟。,113產兒科
膽道閉鎖（biliary atresia）是嬰兒先天性疾病之一，下列敘述何者錯誤？,A.常出現灰白色的大便、暗茶色的尿液 B.容易影響脂肪的消化吸收，導致水溶性維生素缺乏 C.膽管炎是手術後常見的合併症之一 D.提供不需要膽汁消化的中鏈脂肪酸配方奶、高蛋白牛奶為主,單選,B. 容易影響脂肪的消化吸收，導致水溶性維生素缺乏,2,【解答】B 【出處】高危險性新生兒之護理 【解析】因為缺乏膽鹽，易造成脂肪類及脂溶性 維生素 ADEK 吸收障礙。,113產兒科
小強罹患先天性巨結腸症（congential megacolon），有關照護和手術之護理指導敘述，下列何者正確？,A.保守療法應採低渣、高熱量、高蛋白飲食 B.手術前需採肥皂水進行腸道清潔灌腸 C.術後若有造瘻口腫脹情形，則是異常現象，須立即通報醫師 D.結腸造口的黏膜並無神經，且會比周圍皮膚低,單選,A. 保守療法應採低渣、高熱量、高蛋白飲食,2,【解答】A 【出處】消化系統疾病及護理 【解析】手術前採結腸灌洗，剛手術後的造瘻口 會有腫脹情形，持續約三到六周。,113產兒科
有關兒童急性腹瀉時，下列護理處置何者最適當？,A.給與腸道吸附劑（kaolin-pectin），與食物一起服用 B.以雞湯取代配方奶 C.水分的補充可給與口服葡萄糖電解質水 D.配方奶泡濃一些，減少水瀉的次數,單選,C. 水分的補充可給與口服葡萄糖電解質水,2,【解答】C 【出處】消化系統痪病及護理 【解析】急性腹瀉可由進食葡萄糖電解質口服液 或者讓腸道休息禁食，也可以提供半奶、稀釋牛 奶、去乳糖奶粉餵食。,113產兒科
有關兒童腦神經疾病導致的顱內壓升高（IICP），若無適切介入措施，常會造成兒童生命危險，下列護理措 施何者正確？,A.可過度換氣讓動脈血中氧氣濃度（PaO2）維持在27～30 mmHg B.應維持病童房間光線明亮，避免病童因頭昏跌倒 C.協助抬高床頭約30度，維持頭頸部自然平直 D.若有痰液，教導常做深呼吸咳嗽，避免積痰而缺氧,單選,C. 協助抬高床頭約30度，維持頭頸部自然平直,2,【解答】C 【出處】神經與骨骼系統疾病與護理 【解析】血中氧氣濃度維持在22到 27mmHg，提 供光線柔和的環境，避免做咳嗽、肺部物理治療， 以免造成顱內壓升高。,113產兒科
小英，6歲，罹患重症肌無力（myasthenia gravis），下列護理措施何者不適當？,A.鼓勵加強費力的活動，有助改善肌肉力量 B.若出現複視情形，需預防跌倒 C.觀察是否有呼吸困難或痰液不易咳出情形 D.眼瞼下垂是最早出現的症狀,單選,A. 鼓勵加強費力的活動，有助改善肌肉力量,2,【解答】A 【出處】神經系統 【解析】 (A)多休息才能改善肌無力,113產兒科
有關熱性痙攣（febrile convulsion）的敘述，下列何者最不適當？,A.發燒介於37～38℃之間，且出現單側性的全身性僵直 B.為引起幼兒抽筋或痙攣最常見的原因之一 C.發燒是誘發因素，其基礎疾病為感染性病原，如上呼吸道感染 D.發作時，若出現牙關緊閉，不可強行將兒童嘴巴打開,單選,A. 發燒介於37～38℃之間，且出現單側性的全身性僵直,2,【解答】A 【出處】兒童各系統疾病及護理-神經系統 【解析】(A)熱性痙孿症狀是中心體溫大於 39°C、 抽痙形態是全身性僵直陣攣,113產兒科
有關情感轉移（transference）的敘述，下列何者正確？ 座號：___________,A.是指病人將過去經驗的人物情感轉移到護理師 B.是指護理師將過去經驗的人物情感轉移到病人 C.對護病關係的建立絕對有不好的影響 D.是指護理師對病人有性幻想,單選,A. 是指病人將過去經驗的人物情感轉移到護理師,2,【解答】A 【出處】治療性人際關係與溝通 【解析】 (B)此為情感反轉移 (C)不一定絕對是不好的影響，有時反而能增強 護病關係,113精神社區
有關多巴胺（dopamine）傳導路徑理論與思覺失調症的關係，下列敘述何者最適切？,A.興趣動機缺乏的症狀主要與結節—漏斗部多巴胺路徑有關 B.妄想幻覺的症狀主要與中腦—邊緣多巴胺路徑有關 C.類巴金森氏症狀主要與中腦—皮質多巴胺路徑有關 D.泌乳素上升的副作用主要與黑質—紋狀體多巴胺路徑有關,單選,B. 妄想幻覺的症狀主要與中腦—邊緣多巴胺路徑有關,2,【解答】B 【出處】肌體治療與藥物治療 【解析】 (A)負性症狀主要與結節—皮質多巴胺路徑有關 (C)類巴金森氏症狀主要與中腦一紋狀體多巴胺 路徑有關 (D)沁乳素上升的副作用主要與黑質一漏斗部 多巴胺路徑有關,113精神社區
有關家庭治療之敘述，下列何者最適切？,A.鮑恩（Bowen）家庭治療理論中三角關係（triangles），僅存於夫妻或手足間 B.鮑恩（Bowen）家庭治療之目標是降低家庭成員分化程度 C.策略性（strategic）家庭治療以解決家庭溝通問題為導向 D.家庭治療並不處理家庭危機，僅提供諮商與行為修正,單選,C. 策略性（strategic）家庭治療以解決家庭溝通問題為導向,2,【解答】C 【出處】團體治療及其他治療 【解析】 (A)三角關係(triangles)不僅存於夫妻或手足間， 親子、外遇、婆媳皆有可能 (B)分化程度為越高越好，故目標為增加分化程度 (D)家庭治療不僅提供詻商與行為修正，也處理 家庭危機,113精神社區
李先生為憂鬱症病人，因工作不順遂，與同事發生嚴重爭執，由案妻陪同到醫院接受治療，下列何項溝通技 巧最不適宜？,A.主動傾聽 B.澄清 C.拓寬話題 D.批判,單選,D. 批判,2,【解答】D 【出處】治療性人際關係與溝通 【解析】 治療性溝通要以非批判性的態度接納個案,113精神社區
有關認知行為治療的敘述，下列何者最適切？,A.不處理壓力的生理反應 B.引導個案調整想法和行為 C.強調個案早期發展階段的問題 D.了解個案潛意識對人際關係的影響,單選,B. 引導個案調整想法和行為,2,【解答】B 【出處】行為治療與認知治療 f.hX5司 【解析】 (A)認知行為治療有許多技巧可處理壓力引起的 生理反應 (C)D)為心理分析治療,113精神社區
汪小姐剛入住急性精神科病房，覺得門把骯髒，都使用紙張包覆才願意轉動把手，下列何項護理措施最適 宜？,A.不給與紙張，強迫他適應觸摸門把 B.向他解說，拿紙張是不必要的 C.要他負責清洗病房的門把 D.提供他紙張，直到他的焦慮減輕,單選,D. 提供他紙張，直到他的焦慮減輕,2,【解答】D 【出處】焦慮性族患之護理 【解析】對於患者的焦虑、強迫行為，不要強硬 阻止，可給予額外的時間、提供紙巾，觀察焦慮 徵象，利用身體放鬆法、系統減敏法來減少焦慮 及強迫行為。,113精神社區
有關日落症候群（sundown syndrome）較常見於何種疾患？,A.失智症 B.恐慌症 C.雙相情緒障礙症 D.譫妄患者,單選,A. 失智症,2,【解答】A 【出處】認知障礙族患之護理 【解析】日落症候群(sundown syndrome)為失智症 常出現的症狀。,113精神社區
葉同學剛滿18歲，診斷為雙相情緒障礙症（bipolar disorder），媽媽非常不解的詢問護理師為什麼會這 樣。關於疾病的生物病因，下列何項回答最為適切？,A.受到 近日持續高溫的影響，待天氣轉涼即可改善 B. 跟內分泌系統或神經傳導物質有關，需要藥物治療 C.跟家族遺傳無直接相關，媽媽不用太自責 D.鉛中毒是最常見的生物病因,單選,B. 跟內分泌系統或神經傳導物質有關，需要藥物治療,2,【解答】B 【出處】情感性族患之護理 【解析】(A)(C)(D)皆為不適切、無醫學根據的不 負責任式的回答。,113精神社區
下列何項描述符合鬱症發作（major depressive episode）的診斷？,A.主觀感受想法洶湧不止 B. 憂鬱症狀須持續二週才能診斷 C.與是否造成社交、職業或其他功能缺損無關 D.可能失眠，不會嗜睡,單選,B. 憂鬱症狀須持續二週才能診斷,2,【解答】B 【出處】情感性族患之護理 【解析】(A)為躁症之症狀。 (C)可能會造成功能缺損。 (D)失眠、嗜睡皆屬於睡眠障礙。,113精神社區
有關思覺失調症病人出現生活懶散、缺乏動機，下列何項護理措施最不適切？,A.鼓勵建立每日作息表 B.對參與團體治療給予讚賞 C.與病人的互動保持真誠與公開 D.向病人保證藥物治療只是短暫的,單選,D. 向病人保證藥物治療只是短暫的,2,【解答】D 【出處】思考性族患之護理 【解析】(D)為無效並不適當的保證。,113精神社區
王小姐有被害妄想，一直擔心家人在食物中下毒，入院後仍不肯進食。下列何者是最優先的護理措施？,A.請醫師立即插鼻胃管給予灌食 B.告知病人再不進食，要進保護室 C.請病人家屬準備伙食 D.協助病人自行採購包裝完整的食物,單選,D. 協助病人自行採購包裝完整的食物,2,【解答】D 【出處】思考性族患之護理 【解析】若因被害安想而拒食時，優先可提供包 裝完整或可自行開罐之食物，故答案為(D)。,113精神社區
有關思覺失調症病人常不規則服藥，下列何項出院藥物護理最不適切？,A.評估家庭主要照顧者是誰 B.了解不服藥的原因 C.提供藥物相關資訊 D.返家後的藥物，可供家人自行選擇,單選,D. 返家後的藥物，可供家人自行選擇,2,【解答】D 【出處】思考性族患之護理 【解析】(D)若對藥物有疑問或想調整，務必先與 醫師討論，不可自行調藥或挑藥。,113精神社區
根據佛洛伊德學說，人格障礙病人在肛門期受到過度的管教約束，影響心性發展。以下何者為其日後的行為 模式？,A.對不同性別的父母產生性吸引 B.強烈地傾向追求愉悅、避免痛苦 C.行為傾向一板一眼、缺乏彈性 D.生活的大小事都要他人為其承擔責任,單選,C. 行為傾向一板一眼、缺乏彈性,2,【解答】C 【出處】人格障礙族患之護理 【解析】 (A)為性蕾期(性器期）。 (B)為口慾期。 (C)肛門期受到過度的管教約束，易造成強迫型 人格障礙，又稱肛門性格。,113精神社區
有關恐慌症的敘述，下列何者最不適切？,A.預期中的反覆發作 B.突發的恐懼會於幾分鐘內達最高峰 C.常見心悸、喘不過氣、胸痛等症狀 D.可能出現失真感、失自我感,單選,A. 預期中的反覆發作,2,【解答】A 【出處】焦慮性疾患之護理 收弟 【解析】 (A)恐慌症為非預期的、無緣無故地反覆發作。,113精神社區
有關美沙冬（methadone）的敘述，下列何者正確？,A.不會有呼吸抑制、欣快感和戒斷症狀 B.成癮性比海洛因低，戒斷症狀也比海洛因輕微 C.是一種替代療法，其治療主要是心理安撫作用 D.病人需終身服用,單選,B. 成癮性比海洛因低，戒斷症狀也比海洛因輕微,2,【解答】B 【出處】物質相關障礙痪患之護理 【解析】 (A)成癮性小、副作用較弱，但非完全無副作用 (C)是一種替代療法，生理上替代嗎啡類藥物成癮 (D)不需終身服用，戒癮後即可停止服用,113精神社區
李同學，12歲，對無法停止洗手行為，感到情緒低落並無自信，導致每次不停的洗手，即使手已經破皮仍繼 續洗手。護理師建議李同學藉由玩自己最喜歡的小小兵玩具轉移注意力並練習不繼續洗手。此種照護處置是 應用下列何種治療技巧？,A.沙箱療法（sand body therapy） B.非指引性治療（non-directive play） C.暴露與反應阻止法（exposure and response prevention） D.生理回饋（bio-feedback）,單選,C. 暴露與反應阻止法（exposure and response prevention）,2,【解答】C 【出處】焦慮性族患之護理 【解析】 （A)沙箱療法(sand body therapy)： 為一種創造性的治療方法，用於有自尊問題、 發育障礙、創傷相關障礙、學習障礙和注意力 集中障礙者，而非用於治療強迫症。 (B)非指引性治療(non-directive play)為一種遊戲 治療，主要用於兒童發展。 (C)轉移注意力，隸屬於暴露與反應阻止法 (exposure and response prevention)* (D)生理回饋(bio-feedback)為肌肉放鬆法，而非 轉移注意力。,113精神社區
有關物質使用障礙症成因之敘述，下列何者錯誤？,A.成癮物質會直接活化酬償系統，產生愉悅感 B.同儕互相影響是使用成癮物質的因素之一 C.家庭功能失調是使用成癮物質的因素之一 D.與對成癮物質的認知無關，不會想戒除,單選,D. 與對成癮物質的認知無關，不會想戒除,2,【解答】D 【出處】物質相關障礙疾患之護理 【解析】(D)物質使用障礙與個人認知、心理依賴 也有極大相關。,113精神社區
廖奶奶，84歲，獨居，三個月前經歷結縭60年的老伴過世，面帶愁容、不與人打招呼。廖奶奶向女兒表示自 己不想再吃藥了，活著沒有意思。評估廖奶奶的精神健康狀況後，下列何者應為最優先的護理處置？,A.了解廖奶奶對於伴侶離世的內心感受，協助抒發與轉移注意 B.進一步評估廖奶奶的自殺意念與計畫，防範自殺危險 C.陪伴廖奶奶透過緬懷過往記憶，重新找到價值與存活意義 D.儘快安排廖奶奶入住護理之家，提供緊急密切的生理照護,單選,B. 進一步評估廖奶奶的自殺意念與計畫，防範自殺危險,2,【解答】B 【出處】危機處置及特殊事件之護理 【解析】奶奶已經向家人表示不想再吃藥、活著 沒有意思等語，故優先為危機處置，預防自殺行 為，故答案為(B)。,113精神社區
承上題，廖奶奶經醫師建議入院治療，有關各項治療的敘述，下列何者最適當？,A.透過哀傷輔導，可協助廖奶奶表達內心的感受 B.為改善廖奶奶憂鬱情緒，必須服用rivastigmine（Exelon®） C.為防範廖奶奶自殺，護理師應密切觀察，每5分鐘提供探視 D.儘量要求廖奶奶參加所有治療活動，轉移其負面情緒,單選,A. 透過哀傷輔導，可協助廖奶奶表達內心的感受,2,【解答】A 【出處】危機處置及特殊事件之護理 【解析】 (B)rivastigmine(Exelon®) 為治療失智症藥物而 非憂鬱症藥物。 (C)應密切觀察，約每 15分鐘提供探視。 (D)應漸進式的鼓勵參加活動。,113精神社區
下列何者不屬於神經發展障礙症（neurodevelopmental disorders）的疾病？,A.智能不足 B.自閉症類群障礙症 C.注意力不足／過動症 D.遺尿症,單選,D. 遺尿症,2,【解答】D 【出處】兒童及青少年精神痪患之護理 【解析】(A)B)(C)屬於神經發展障礙症， (D)屬於排泄障礙症範疇。,113精神社區
孫先生於精神科病房出院後，規則服藥，病情穩定，但面臨經濟困境及就業需求。護理師為協助其發展經濟 及就業，必須具有下列何項實務能力？,A.建構自我 B.疾病管理 C.精神衛生需求評估 D.資源連結,單選,D. 資源連結,2,【解答】D 【出處】精神科護理基本概念 【解析】患者已出院、規則服藥、病情穩定，表 示(A)B(C)已基本稳定，題目問的是面臨經濟困 境、就業問題，故較需要的是(D)社會資源的連結 協助。,113精神社區
有關社區心理衛生工作之敘述，下列何者屬於第三級預防工作？,A.加強門診治療功能 B.在里民中心辦理心理衛生講座 C.對社區中有高度自傷危險者給予危機處置 D.協助精神病人重返社區生活,單選,D. 協助精神病人重返社區生活,2,【解答】D 【出處】精神科護理基本概念 【解析】(A)屬於初級預防。 (B)屬於初級預防。 (C)屬於二級預防。,113精神社區
災難急性期運用安心團體（debriefing），下列敘述何者最適切？,A.於創傷後三個月開始實施最適宜 B.治療者協助個案回顧、經歷並整合創傷之過程 C.是屬於精神分析類的支持性治療團體 D.進行結構式之駁斥、澄清、面質、結束等步驟,單選,B. 治療者協助個案回顧、經歷並整合創傷之過程,2,【解答】B 【出處】危機處置及特殊事件之護理 【解析】 (A)於黃金72 小時內開始實施。 (C)不屬於精神分析類。  (D)分為七步驟，而非駁斥、澄清、面質、結束。,113精神社區
有關精神護理之家的服務對象其收置條件，可包含下列何者？①精神症狀穩定且慢性化者　②不需急性住院 治療但需生活照顧者　③需急性住院治療之年邁者、失智者　④無家可歸的慢性精神病人,A.僅③④ B.僅①②③ C.僅①②④ D.①②③④,單選,C. 僅①②④,2,【解答】C 【出處】精神科護理基本概念 【解析】 ①②④均為精神護理之家的收置對象， ③已說明需急性住院治療，故非精神護理之家的 收置範圍,113精神社區
吳先生，因住院期間多次企圖割腕自殺，必須採取保護約束之措施。有關約束處置之敘述，下列何者最不適 當？,A.需有醫師開立醫囑，才能給予約束 B.至少每15分鐘探視病人一次 C.每2小時評估病人是否可以解除保護約束 D.應持續約束病人，直到自殺意念消失,單選,D. 應持續約束病人，直到自殺意念消失,2,【解答】D 【出處】危機處置及特殊事件之護理 【解析】(D)自殺意念不會短期消失，但仍需解約 讓患者活動，安全檢查、移開危險物品、24小時 監控，或可入住有監視器的保護室，必要時再約 束，而非持續約束。,113精神社區
有關基層醫療保健之社區與醫療服務原則，下列何者最不適當？,A.可近性（accessibility） B.可接受性（acceptability） C.可用性（availability） D.穩定性（stability）,單選,D. 穩定性（stability）,2,【解答】D 【出處】衛生行政組織 【解析】(D)「穩定性」雖然對於醫療服務來說是 一個好的特質，但它並不是通常討論基層醫療保 健時強調的核心原則。基層醫療保健更強調的是 服務的可及性、可接受性和可用性等方面。,113精神社區
衛生福利部國民健康署成立青少年好漾館與WHO之SDGs中，那一個議題最為相關？,A.消弭貧窮（No poverty） B.良好健康與福祉（Good health and well-being） C.優質教育（Quality education） D.永續城市與社區（Sustainable cities and communities）,單選,B. 良好健康與福祉（Good health and well-being）,2,【解答】B 【出處】健康促進 【解析】(B)良好健康與福祉(Good health and well-being）這個目標強調確保所有年齡層的人都 能享有健康生活和促進福祉，特別是針對兒童和 青少年的健康服務和支持非常重要。因此，衛生 福利部國民健康署成立的青少年好漾館主要是為 了促進青少年的健康和福祉，提供相關的健康資 訊、服務和支持，與該目標的關聯性較大。,113精神社區
有關疾病發生率的敘述，下列何者最適當？,A.通常以比例（ratio）方式呈現 B.指某一時間內，族群中現存的病例數 C.可推算罹病的可能性或致病因子 D.最適合用來規劃長期醫療設備、人力配置的參考,單選,C. 可推算罹病的可能性或致病因子,2,【解答】C 【出處】生命統計 【解析】滨病發生率(incidence rate）指的是在特 定時間內，某特定人群中新發病例的數量。它是 用來衡量在一定時間內新發生某病的風險或速率 ，因此可用於推算罹病的可能性或致病因子。 最適當敘述是(C)。,113精神社區
欲探討婦女懷孕期間使用藥物和胎兒畸型的因果關係，下列何種研究方法最合適？,A.臨床試驗 (clinical trial) B.描述性調查法(descriptive survey) C.橫斷式研究法(cross-sectional study) D.世代追蹤研究法(cohort study),單選,D. 世代追蹤研究法(cohort study),2,【解答】D 【出處】流行病學 【解析】世代追蹤研究法是一種觀察性研究，它 涉及選取一組特定的人群（例如，使用特定藥物 的孕婦）並隨時間追蹤其健康結果（如胎兒是否 有畸型）。這種研究方法允許研究者觀察和比較不 同暴露（如藥物使用）對結果（如胎兒畸型）的 影響，從而推斷因果關係。要探討婦女懷孕期間 使用藥物和胎兒畸型的因果關係，最合適的研究 方法是(D)世代追蹤研究法(cohort study)。,113精神社區
若病人出現發燒、出疹、咳嗽等疑似麻疹症狀，應收集「TOCC」，TOCC包括下列何者？①抽菸史 （cessation）　②旅遊史（travel）　③接觸史（contact）　④職業史（occupation）　⑤手術史 （operation）　⑥發病時間（time）　⑦群聚史（cluster）,A.①②③⑤ B.①②④⑥ C.②③④⑦ D.③⑤⑥⑦,單選,C. ②③④⑦,2,"【解答】C 【出處】傳染病防治 【解析】""TOCC""在醫學上通常用來描述在傳染 病疫情調查中需要收集的信息，它代表的是：「旅 行史(Travel)、職業(Occupation)、接觸史(Contact) 、群聚(Cluster)」這四個方面的訊息收集。這些訊 息對於了解和控制傳染病的傳播非常重要。",113精神社區
有關華倫（Warren）社區功能理論的敘述，下列何者正確？①社會控制－社區巡守隊　②社會參與－學校導 護志工　③相互支援－慈善團體愛心捐贈　④生產分配消費－社區讀書會,A.①②③ B.①②④ C.①③④ D.②③④,單選,A. ①②③,2,【解答】A 【出處】社區評估 『方 【解析】華倫（Warren）的社區功能理論描述了 社區組織的五大基本功能：社會化、社會控制、 社會參與、相互支援和生產、分配與消費。根據 這個理論，④社區讀書會屬於「社會化」的功能,113精神社區
社區護理師完成社區健康診斷之後，想瞭解社區對問題的瞭解與解決問題的動機，下列何種方式最適合？,A.德菲研究法（Delphi method） B.文獻考察（literature review） C.擋風玻璃式調查（windshield survey） D.民意團體過程（nominal group process）,單選,D. 民意團體過程（nominal group process）,2,【解答】D 【出處】社區評估 【解析】民意團體過程是一種組織小組討論的之 法，通常用於收集資料、生成想法、討論問題及 決策。這種方法特別適合於收集和整合不同社區 成員的意見，瞭解他們對特定健康問題的認知和 解決該問題的動機。在社區護理師完成社區健康 診斷後，若想瞭解社區對問題的瞭解舆解決問題 的動機，最適合的方式是(D)民意團體過程 (nominal group process )。,113精神社區
有關社區夥伴關係（community partnership）強調的原則，下列何者最不適當？,A.促進社區參與健康活動 B.由下而上匯集社區民眾意見與需求 C.依照衛生所目標辦理活動 D.專業人員與社區民眾共同討論決定社區活動,單選,C. 依照衛生所目標辦理活動,2,【解答】C 【出處】社區衛生護理 【解析】在社區夥伴關係(community partnership 中，原則上強調的是社區參與、共同決策、和由 下而上的需求評估。根據這些原則，下列選項， 最不適當的是(C)依照衛生所目標辦理活動。,113精神社區
有關健康促進與疾病預防概念之敘述，下列那些正確？①健康促進對象為全體民眾　②疾病預防的對象為疾 病高危險群　③健康促進是要避免某行為發生　④疾病預防是積極拓展健康潛能　⑤健康促進能使個人潛能 發揮至最佳狀態,A.①②③ B.①②④ C.①②⑤ D.②③⑤,單選,C. ①②⑤,2,【解答】C 【出處】健康促進 【解析】 保多節 在這些選項中，最合適的選擇是(C)①②⑤，其中： ③健康促進是要避免某行為發生：這個描述不完 全正確。健康促進不僅僅是關於避免某些不良 行為，它更鼓勵健康行為和創建支持健康選擇 的環境。 ④疾病預防是積極拓展健康潛能：這個描述更適 合於健康促進。族病預防通常聚焦於避免特定 痪病的發生，而不是廣泛地拓展健康潛能。,113精神社區
有關高血壓護理指導後的衝擊評價指標，下列何者最適當？①時間的安排　②計畫的經費　③控制高血壓的 態度　④高血壓的就醫行為　⑤高血壓的罹病率,A.①② B.①③ C.③④ D.④⑤,單選,C. ③④,2,【解答】C 出處】衛生教育 【解析】高血壓護理指導後的衝擊評價是指對於 護理指導短期成效的評估，這通常包括對於病人 控制高血壓的知識、態度、與就醫行為。因此， 最適當的選擇是(C）。,113精神社區
平安社區老年人口逐年增加，里長規劃安全的健走步道，並在公園內增設運動器材且定期維護確保安全性。 根據社會生態模式，是屬於何項因素之介入措施？,A.人際因素 B.組織因素 C.社區因素 D.個人因素,單選,C. 社區因素,2,【解答】C 出處】衛生教育 【解析】高血壓護理指導後的衝擊評價是指對於 護理指導短期成效的評估，這通常包括對於病人 控制高血壓的知識、態度、與就醫行為。因此， 最適當的選擇是(C）。,113精神社區
有關細懸浮微粒（PM2.5）的敘述，下列何者最適當？,A.會影響呼吸道造成疾病，但不易進入肺泡 B.濃度達第三級一般民眾要減少戶外活動 C.第十級是指日平均值或24小時值濃度≧ 71μg/m3 D.環境部現行安全標準年平均值訂為35μg/m3,單選,C. 第十級是指日平均值或24小時值濃度≧ 71μg/m3,2,【解答】C 【出處】環境衛生 【解析】細懸浮微粒（PM2.5）是空氣污染的一個 重要指標，其中： (A)實際上，PM2.5因為其微小的粒徑，可以進入 肺泡，對呼吸系統甚至其他身體部位造成影響。 (B)濃度達第三級一般民眾正常戶外活動。 (C)正確。 (D)臺灣環境部公告現行之空氣品質標準將年平 均值訂為 15ug /m3。,113精神社區
有關醫療廢棄物的處理原則，下列何者最適當？,A.於5℃以上貯存以7日為限 B.於0～5℃貯存以7日為限 C.於0℃以下貯存以2個月為限 D.於0℃以下貯存以18個月為限,單選,B. 於0～5℃貯存以7日為限,2,【解答】B 【出處】環境衛生 【解析】於5°C以上貯存者，以一日為限； 於5°C以下至0°C以上冷藏者，以七日為限； 於0°C以下冷凍者，以三十日為限。,113精神社區
有關酸雨的敘述，下列何者最正確？,A.是大氣中的CO2溶解於雨水中所致 B.能使岩石中有毒金屬元素溶解 C.只影響水中的動物，對植物沒有影響 D.是指酸鹼值小於6的雨水,單選,B. 能使岩石中有毒金屬元素溶解,2,【解答】B 【出處】環境衛生 【解析】(B)酸雨是指含有高濃度的硫酸和硝酸的 雨水(pHS.5以下)，通常是由大氣中的硫氧化物和 氮氧化物在空氣中與水蒸氣反應形成的。這些酸 性物質落到地面上後，可以使土壤和水體酸化， 並能導致岩石中的有毒金屬元素如鉛和汞溶解， 從而進入水體和土壤，對生態系統造成損害。,113精神社區
顧先生原為一家之主，因病辭職在家休養，現由妻子支撐全家開銷並成為家中主要經濟決策者，下列何者最 符合其家庭權力類型？,A.傳統權威型 B.情況權威型 C.分享權威型 D.讓步妥協型,單選,B. 情況權威型,2,【解答】B 【出處】家庭護理與評估 【解析】情況權威型(Situational Authority)指的 是家庭中的權力和決策權會根據特定情況或需要 而變化。在這個例子中，由於顧先生的健康狀況 和職業狀態的改變，家庭中的經濟責任和決策權 自然地轉移到了妻子身上。在顧先生的情況中， 由於他因病辭職，妻子成為了家中的主要經濟支 撐和決策者。根據這些資訊，最符合的家庭權力 類型是(B)情況權威型。,113精神社區
承上題，顧太太因身兼數種角色，自覺難以扮演好各個角色，此現象顯示顧太太出現下列何種角色情況？,A.角色相稱 B.角色力竭 C.角色不一致 D.角色不互補,單選,B. 角色力竭,2,【解答】B 【出處】家庭護理與評估 無市 【解析】角色力竭是指一個人在試圖滿足其所扮 演的多重角色的期望和需求時，感到壓力和困 難。這通常發生在一個人需要同時處理多個責任 和角色時，例如顧太太既是家庭經濟支柱，又要 照顧家庭，這種情況可能導致她感到壓力和疲 憊。顧太太身兼數種角色，並且感到難以扮演好 這些角色的現象，最符合的描述是(B)角色力竭 (Role Strain)。,113精神社區
有關兒童口腔保健之護理指導，下列何者最不適當？,A.氟化物是安全、有效的齲齒防治方式 B.出生後就應該做口腔清潔工作 C.避免含奶瓶睡覺 D.乳牙長滿6顆後才適合做餐後刷牙,單選,D. 乳牙長滿6顆後才適合做餐後刷牙,2,【解答】D 【出處】婦幼衛生 【解析】兒童口腔保健應該從乳牙開始萌出時就 開始重視。父母應該在兒童的乳牙長出後不久就 開始幫助他們刷牙，使用適量的兒童牙膏（例如 一粒米大小的量）。等到孩子能夠自己控制吞嚥 時，可以教導他們如何自己刷牙。因此，建議在 乳牙長出後就應開始餐後刷牙，而不是等到長滿6 顆乳牙後。,113精神社區
社區護理師製作「遊民的一日」影片於媒體播放，以提升大眾對弱勢群體健康的認知，是屬於何種角色的展 現？,A.組織動員者 B.代言者 C.需求評估者 D.協調者,單選,B. 代言者,2,【解答】B 【出處】社區衛生護理 原网东 【解析】代言者（Advocate）的角色是指在公共 場合代表或支持某個群體或個體的利益和權益。 在這個例子中，社區護理師透過製作和播放影 為遊民這個弱勢群體發聲，提升公眾對他們健 康問題的關注和理解，這正是代言者角色的典型 展現。,113精神社區
某校推動營養午餐計畫，期望減少全校體重過重學生人數，下列何者最適合做為評值計畫成果的指標？,A.學生對營養午餐的滿意度 B.推動營養午餐所耗費的成本 C.推動營養午餐面臨的困難 D.學生體重過重的盛行率,單選,D. 學生體重過重的盛行率,2,【解答】D 【出處】學校衛生 【解析】在本題中，該校推動營養午餐計畫的主 要目標是減少全校體重過重學生的人數。因此， 評估計畫成果的最佳指標應該直接與這個目標相 關。(D)學生體重過重的盛行率是最直接反映計畫 目標的指標。透過比較計畫實施前後學生體重過 重的比例，可以有效評估營養午餐計畫對於改善 學生體重問題的效果。,113精神社區
在紅外線工作環境中最易引起的健康危害，下列何者正確？,A.惡性貧血 B.白指症 C.靜脈瘤 D.白內障,單選,D. 白內障,2,【解答】D 【出處】職業衛生 如版 【解析】紅外線輻射對眼睛的晶狀體有潛在的危 害，長期暴露於高強度的紅外線環境中可能會加 速晶狀體蛋白質變性，導致白內障。,113精神社區
有關出院準備服務之敘述，下列何者最不適當？,A.服務對象為需要持續性照護之個案 B.針對每位出院病人均需提供出院準備服務 C.可連結居家護理及護理之家 D.追蹤評值項目包含用藥、經濟問題、意外等,單選,B. 針對每位出院病人均需提供出院準備服務,2,（解答B 【出處】長期照護 【解析】(B)並非每位出院病人都需要出院準備服 務。這類服務通常是針對那些有特定需求的病 人，如長期照護需求、復雜的醫療情況或是缺乏 家庭支援的個案。因此，選項(B)是最不適當的描 述。,113精神社區
陳女士，喪偶，罹患中度失智症，與兒女同住但平日兒女需上班。下列何項長照服務應優先建議？,A.社區關懷據點 B.喘息服務 C.老人公寓 D.日間照顧,單選,D. 日間照顧,2,【解答】D 【出處】長期照護 咖衣 【解析】(D)日間照顧：這是專門為白天時需要照 顧的老年人設計的服務，包括提供日常照顧、活 動和社交互動。對於像陳女士這樣的中度失智症 患者來說，日間照顧可以在她的兒女上班期間提 供必要的照顧和監督。,113精神社區
陳女士中風後，可使用助行器在家中行走，但上下樓梯與洗澡需要有人部分協助。根據長期照顧十年計畫2.0，其符合申請下列那些補助？①居家復能　②居家服務　③交通接送　④居家護理,A.①② B.①③ C.①④ D.②④,單選,A. ①②,2,【解答】A 【出處】長期照護 【解析】根據長期照顧十年計畫2.0的規定，陳女 士的情況應該會符合以下幾種補助的資格： ①居家復能：由於陳女士中風後仍能使用助行器 行走，她可能需要進行復健以改善她的行動能 力，特別是在上下樓梯和洗澡時。 ②居家服務：由於她需要在上下樓梯和洗澡時有 人部分協助，居家服務如協助日常生活活動可 能對她很有幫助。 綜合考慮，陳女士的情況看起來最符合的是 選項A(①居家復能和②居家服務）。她需要復健 以改善行動能力和日常生活活動的協助，但她的 描述中並未明確提到需要專業護理人員的照護或 是特殊的交通接送服務。因此，根據提供的資訊， 選項 A似平是最符合的答案。,113精神社區
影響長者營養狀況的常見因素，下列何者最不適當？,A.共餐據點的餐點供應有限 B.因服用藥物引起味覺的問題或喪失食慾 C.唾液腺無法分泌足夠的唾液潤滑消化食物 D.進食時假牙摩擦使得牙床疼痛無法咬碎食物,單選,A. 共餐據點的餐點供應有限,2,【解答】A 【出處】中老年病防治 【解析】(A)共餐據點的餐點供應有限一這可能直 接會影響長者獲取多樣化和均衡營養的能力，尤 其是如果他們主要依賴這些據點提供的食物。,113精神社區
邱先生60歲，已戒菸20年，未曾接受過健康檢查，邱先生可接受全民健保那些免費篩檢？①口腔癌篩檢　② 大腸癌篩檢　③攝護腺癌篩檢　④低劑量電腦斷層檢查,A.①② B.①③ C.②④ D.③④,單選,A. ①②,2,【解答】A 【出處】全民健保 【解析】 ①口腔癌篩檢： 30 歲以上有嚼檳榔(含已戒)或吸菸習慣者，每 二年補助一次一邱先生符合。 ②大腸癌篩檢： 50 歲以上至未满75歲者，每二年補助一次一邱 先生符合。,113精神社區